{"gameID":"2014-06-01-MTL-ROC","teamID":"dragons","completionPercentage":0.8913857677902621,"completions":238,"huckPercentage":null,"redZonePercentage":null,"holdPercentage":0.5833333333333334,"breakPercentage":0.23809523809523808,"score":-1,"turnovers":29,"blocks":13}