{"gameID":"2014-04-19-SEA-VAN","teamID":"riptide","completionPercentage":0.9172661870503597,"completions":255,"huckPercentage":null,"redZonePercentage":null,"holdPercentage":0.7142857142857143,"breakPercentage":0.34615384615384615,"score":-1,"turnovers":23,"blocks":18}