{"gameID":"2014-04-26-SJ-SLC","teamID":"lions","completionPercentage":0.9124668435013262,"completions":344,"huckPercentage":null,"redZonePercentage":null,"holdPercentage":0.48484848484848486,"breakPercentage":0.18181818181818182,"score":-1,"turnovers":33,"blocks":11}