{"gameID":"2014-05-02-DET-CIN","teamID":"mechanix","completionPercentage":0.8811881188118812,"completions":267,"huckPercentage":null,"redZonePercentage":null,"holdPercentage":0.3333333333333333,"breakPercentage":0.26666666666666666,"score":-1,"turnovers":36,"blocks":17}