{"gameID":"2014-07-05-ROC-PHI","teamID":"dragons","completionPercentage":0.9084507042253521,"completions":258,"huckPercentage":null,"redZonePercentage":null,"holdPercentage":0.5483870967741935,"breakPercentage":0.2692307692307692,"score":-1,"turnovers":26,"blocks":13}