{"gameID":"2014-05-24-CHI-MAD","teamID":"union","completionPercentage":0.9125475285171103,"completions":240,"huckPercentage":null,"redZonePercentage":null,"holdPercentage":0.6470588235294118,"breakPercentage":0.07142857142857142,"score":-1,"turnovers":23,"blocks":7}