{"gameID":"2014-05-10-SJ-VAN","teamID":"riptide","completionPercentage":0.9121212121212121,"completions":301,"huckPercentage":null,"redZonePercentage":null,"holdPercentage":0.6585365853658537,"breakPercentage":0.14705882352941177,"score":-1,"turnovers":29,"blocks":14}