{"gameID":"2014-07-18-SF-SJ","teamID":"spiders","completionPercentage":0.9421768707482994,"completions":277,"huckPercentage":null,"redZonePercentage":null,"holdPercentage":0.8333333333333334,"breakPercentage":0.39285714285714285,"score":-1,"turnovers":17,"blocks":9}