{"gameID":"2014-06-01-NY-PHI","teamID":"empire","completionPercentage":0.9263565891472868,"completions":239,"huckPercentage":null,"redZonePercentage":null,"holdPercentage":0.8333333333333334,"breakPercentage":0.41379310344827586,"score":-1,"turnovers":19,"blocks":13}}