{"gameID":"2014-05-09-IND-CHI","teamID":"union","completionPercentage":0.8843537414965986,"completions":260,"huckPercentage":null,"redZonePercentage":null,"holdPercentage":0.5238095238095238,"breakPercentage":0.4090909090909091,"score":-1,"turnovers":34,"blocks":14}