{"gameID":"2014-05-17-CHI-MIN","teamID":"windchill","completionPercentage":0.9279778393351801,"completions":335,"huckPercentage":null,"redZonePercentage":null,"holdPercentage":0.5454545454545454,"breakPercentage":0.09090909090909091,"score":-1,"turnovers":26,"blocks":13}