{"gameID":"2014-06-15-PHI-MTL","teamID":"phoenix","completionPercentage":0.9142857142857143,"completions":288,"huckPercentage":null,"redZonePercentage":null,"holdPercentage":0.5769230769230769,"breakPercentage":0.19047619047619047,"score":-1,"turnovers":27,"blocks":13}