{"gameID":"2014-06-28-DET-MAD","teamID":"mechanix","completionPercentage":0.7751196172248804,"completions":162,"huckPercentage":null,"redZonePercentage":null,"holdPercentage":0.23333333333333334,"breakPercentage":0.18181818181818182,"score":-1,"turnovers":47,"blocks":10}