{"gameID":"2014-06-14-NY-DC","teamID":"breeze","completionPercentage":0.9324324324324325,"completions":276,"huckPercentage":null,"redZonePercentage":null,"holdPercentage":0.6785714285714286,"breakPercentage":0.36363636363636365,"score":-1,"turnovers":20,"blocks":13}