{"gameID":"2014-05-25-DC-ROC","teamID":"dragons","completionPercentage":0.9101449275362319,"completions":314,"huckPercentage":null,"redZonePercentage":null,"holdPercentage":0.6071428571428571,"breakPercentage":0.17391304347826086,"score":-1,"turnovers":31,"blocks":5}