{"gameID":"2014-07-19-DC-TOR","teamID":"breeze","completionPercentage":0.8586572438162544,"completions":243,"huckPercentage":null,"redZonePercentage":null,"holdPercentage":0.28205128205128205,"breakPercentage":0.07142857142857142,"score":-1,"turnovers":40,"blocks":5}