{"gameID":"2014-06-21-SJ-VAN","teamID":"riptide","completionPercentage":0.8958990536277602,"completions":284,"huckPercentage":null,"redZonePercentage":null,"holdPercentage":0.5641025641025641,"breakPercentage":0.1111111111111111,"score":-1,"turnovers":33,"blocks":12}