{"gameID":"2014-04-13-MAD-IND","teamID":"alleycats","completionPercentage":0.8823529411764706,"completions":210,"huckPercentage":null,"redZonePercentage":null,"holdPercentage":0.6785714285714286,"breakPercentage":0.08695652173913043,"score":-1,"turnovers":28,"blocks":15}