{"gameID":"2014-05-31-MTL-TOR","teamID":"rush","completionPercentage":0.9330708661417323,"completions":237,"huckPercentage":null,"redZonePercentage":null,"holdPercentage":0.7272727272727273,"breakPercentage":0.3333333333333333,"score":-1,"turnovers":17,"blocks":11}0}