{"gameID":"2014-06-22-NY-ROC","teamID":"dragons","completionPercentage":0.8662207357859532,"completions":259,"huckPercentage":null,"redZonePercentage":null,"holdPercentage":0.25925925925925924,"breakPercentage":0.18181818181818182,"score":-1,"turnovers":40,"blocks":9}