{"gameID":"2014-07-05-MTL-TOR","teamID":"royal","completionPercentage":0.8497652582159625,"completions":181,"huckPercentage":null,"redZonePercentage":null,"holdPercentage":0.5238095238095238,"breakPercentage":0.4090909090909091,"score":-1,"turnovers":32,"blocks":15}