{"gameID":"2014-05-10-PHI-NY","teamID":"phoenix","completionPercentage":0.827433628318584,"completions":187,"huckPercentage":null,"redZonePercentage":null,"holdPercentage":0.4090909090909091,"breakPercentage":0.08333333333333333,"score":-1,"turnovers":39,"blocks":11}