{"gameID":"2014-06-14-NY-DC","teamID":"empire","completionPercentage":0.9081272084805654,"completions":257,"huckPercentage":null,"redZonePercentage":null,"holdPercentage":0.6060606060606061,"breakPercentage":0.21428571428571427,"score":-1,"turnovers":26,"blocks":12}