{"gameID":"2014-05-03-NY-MTL","teamID":"royal","completionPercentage":0.9196787148594378,"completions":229,"huckPercentage":null,"redZonePercentage":null,"holdPercentage":0.5789473684210527,"breakPercentage":0.2777777777777778,"score":-1,"turnovers":20,"blocks":5}