{"gameID":"2014-05-25-MTL-NY","teamID":"royal","completionPercentage":0.940251572327044,"completions":299,"huckPercentage":null,"redZonePercentage":null,"holdPercentage":0.6785714285714286,"breakPercentage":0.08695652173913043,"score":-1,"turnovers":19,"blocks":7}