{"gameID":"2014-04-19-CHI-IND","teamID":"union","completionPercentage":0.9194139194139194,"completions":251,"huckPercentage":null,"redZonePercentage":null,"holdPercentage":0.6296296296296297,"breakPercentage":0.09523809523809523,"score":-1,"turnovers":22,"blocks":7}