{"gameID":"2014-06-22-SF-SLC","teamID":"lions","completionPercentage":0.917989417989418,"completions":347,"huckPercentage":null,"redZonePercentage":null,"holdPercentage":0.5714285714285714,"breakPercentage":0.15384615384615385,"score":-1,"turnovers":31,"blocks":10}