{"gameID":"2014-04-12-MAD-CIN","teamID":"revolution","completionPercentage":0.9047619047619048,"completions":323,"huckPercentage":null,"redZonePercentage":null,"holdPercentage":0.37037037037037035,"breakPercentage":0.3333333333333333,"score":-1,"turnovers":34,"blocks":11}