{"gameID":"2014-07-19-DC-TOR","teamID":"rush","completionPercentage":0.9511278195488722,"completions":253,"huckPercentage":null,"redZonePercentage":null,"holdPercentage":0.8461538461538461,"breakPercentage":0.6666666666666666,"score":-1,"turnovers":13,"blocks":13}