{"gameID":"2014-05-31-MAD-CIN","teamID":"radicals","completionPercentage":0.9314516129032258,"completions":231,"huckPercentage":null,"redZonePercentage":null,"holdPercentage":0.9285714285714286,"breakPercentage":0.5161290322580645,"score":-1,"turnovers":17,"blocks":23}9}