{"gameID":"2014-06-07-MTL-NY","teamID":"royal","completionPercentage":0.9020979020979021,"completions":258,"huckPercentage":null,"redZonePercentage":null,"holdPercentage":0.4230769230769231,"breakPercentage":0.2777777777777778,"score":-1,"turnovers":28,"blocks":9}