{"gameID":"2014-06-22-PHI-TOR","teamID":"phoenix","completionPercentage":0.8771929824561403,"completions":250,"huckPercentage":null,"redZonePercentage":null,"holdPercentage":0.41935483870967744,"breakPercentage":0.11764705882352941,"score":-1,"turnovers":35,"blocks":7}