{"gameID":"2014-04-12-TOR-DC","teamID":"rush","completionPercentage":0.9261363636363636,"completions":326,"huckPercentage":null,"redZonePercentage":null,"holdPercentage":0.7142857142857143,"breakPercentage":0.22727272727272727,"score":-1,"turnovers":26,"blocks":14}