{"gameID":"2014-07-26-NY-TOR","teamID":"rush","completionPercentage":0.9246575342465754,"completions":270,"huckPercentage":null,"redZonePercentage":null,"holdPercentage":0.8888888888888888,"breakPercentage":0.45454545454545453,"score":-1,"turnovers":22,"blocks":19}