{"gameID":"2014-05-03-ROC-TOR","teamID":"rush","completionPercentage":0.8825910931174089,"completions":218,"huckPercentage":null,"redZonePercentage":null,"holdPercentage":0.8461538461538461,"breakPercentage":0.5357142857142857,"score":-1,"turnovers":29,"blocks":27}