{"gameID":"2014-06-27-CIN-IND","teamID":"alleycats","completionPercentage":0.9362549800796812,"completions":235,"huckPercentage":null,"redZonePercentage":null,"holdPercentage":0.9411764705882353,"breakPercentage":0.41935483870967744,"score":-1,"turnovers":16,"blocks":18}