{"gameID":"2014-06-28-DC-MTL","teamID":"royal","completionPercentage":0.9084249084249084,"completions":248,"huckPercentage":null,"redZonePercentage":null,"holdPercentage":0.3870967741935484,"breakPercentage":0.36363636363636365,"score":-1,"turnovers":25,"blocks":5}}