{"gameID":"2014-06-15-SEA-SJ","teamID":"cascades","completionPercentage":0.8851351351351351,"completions":262,"huckPercentage":null,"redZonePercentage":null,"holdPercentage":0.6153846153846154,"breakPercentage":0.21739130434782608,"score":-1,"turnovers":34,"blocks":12}