{"gameID":"2014-06-08-CIN-MAD","teamID":"revolution","completionPercentage":0.7555555555555555,"completions":102,"huckPercentage":null,"redZonePercentage":null,"holdPercentage":0.43333333333333335,"breakPercentage":0.11764705882352941,"score":-1,"turnovers":33,"blocks":6}