{"gameID":"2014-05-18-PHI-DC","teamID":"breeze","completionPercentage":0.9010416666666666,"completions":173,"huckPercentage":null,"redZonePercentage":null,"holdPercentage":0.6956521739130435,"breakPercentage":0.3333333333333333,"score":-1,"turnovers":19,"blocks":9}8}