{"gameID":"2014-04-12-SF-SJ","teamID":"spiders","completionPercentage":0.9163179916317992,"completions":219,"huckPercentage":null,"redZonePercentage":null,"holdPercentage":0.6111111111111112,"breakPercentage":0.4090909090909091,"score":-1,"turnovers":20,"blocks":15}