{"gameID":"2014-05-25-MTL-NY","teamID":"empire","completionPercentage":0.9468085106382979,"completions":267,"huckPercentage":null,"redZonePercentage":null,"holdPercentage":0.8695652173913043,"breakPercentage":0.21428571428571427,"score":-1,"turnovers":15,"blocks":13}