{"gameID":"2014-06-22-NY-ROC","teamID":"empire","completionPercentage":0.9187279151943463,"completions":260,"huckPercentage":null,"redZonePercentage":null,"holdPercentage":0.6363636363636364,"breakPercentage":0.6666666666666666,"score":-1,"turnovers":23,"blocks":17}9}