{"gameID":"2014-04-27-SF-VAN","teamID":"riptide","completionPercentage":0.8731343283582089,"completions":234,"huckPercentage":null,"redZonePercentage":null,"holdPercentage":0.5161290322580645,"breakPercentage":0.18181818181818182,"score":-1,"turnovers":34,"blocks":13}