{"gameID":"2014-06-28-TOR-ROC","teamID":"dragons","completionPercentage":0.8992248062015504,"completions":232,"huckPercentage":null,"redZonePercentage":null,"holdPercentage":0.5806451612903226,"breakPercentage":0.09090909090909091,"score":-1,"turnovers":26,"blocks":8}