{"gameID":"2014-07-06-DC-PHI","teamID":"breeze","completionPercentage":0.9121338912133892,"completions":218,"huckPercentage":null,"redZonePercentage":null,"holdPercentage":0.6818181818181818,"breakPercentage":0.37037037037037035,"score":-1,"turnovers":21,"blocks":12}