{"gameID":"2014-04-26-CIN-CHI","teamID":"union","completionPercentage":0.8724279835390947,"completions":212,"huckPercentage":null,"redZonePercentage":null,"holdPercentage":0.7142857142857143,"breakPercentage":0.5862068965517241,"score":-1,"turnovers":31,"blocks":23}