{"gameID":"2014-06-22-PHI-TOR","teamID":"rush","completionPercentage":0.9340277777777778,"completions":269,"huckPercentage":null,"redZonePercentage":null,"holdPercentage":0.8823529411764706,"breakPercentage":0.45161290322580644,"score":-1,"turnovers":19,"blocks":23}