{"gameID":"2014-06-08-MTL-DC","teamID":"royal","completionPercentage":0.9301587301587302,"completions":293,"huckPercentage":null,"redZonePercentage":null,"holdPercentage":0.5925925925925926,"breakPercentage":0.3076923076923077,"score":-1,"turnovers":22,"blocks":7}2}