{"gameID":"2014-06-15-SEA-SJ","teamID":"spiders","completionPercentage":0.8728813559322034,"completions":206,"huckPercentage":null,"redZonePercentage":null,"holdPercentage":0.6956521739130435,"breakPercentage":0.3076923076923077,"score":-1,"turnovers":30,"blocks":11}