{"gameID":"2014-06-27-DET-MIN","teamID":"mechanix","completionPercentage":0.8746355685131195,"completions":300,"huckPercentage":null,"redZonePercentage":null,"holdPercentage":0.29545454545454547,"breakPercentage":0.16666666666666666,"score":-1,"turnovers":43,"blocks":5}