{"gameID":"2014-05-03-SEA-SJ","teamID":"cascades","completionPercentage":0.9008498583569405,"completions":318,"huckPercentage":null,"redZonePercentage":null,"holdPercentage":0.7037037037037037,"breakPercentage":0.045454545454545456,"score":-1,"turnovers":35,"blocks":13}