{"gameID":"2014-04-26-SJ-SLC","teamID":"spiders","completionPercentage":0.9008264462809917,"completions":218,"huckPercentage":null,"redZonePercentage":null,"holdPercentage":0.7272727272727273,"breakPercentage":0.45454545454545453,"score":-1,"turnovers":24,"blocks":17}