{"gameID":"2014-07-13-IND-MIN","teamID":"alleycats","completionPercentage":0.897196261682243,"completions":288,"huckPercentage":null,"redZonePercentage":null,"holdPercentage":0.37037037037037035,"breakPercentage":0.29411764705882354,"score":-1,"turnovers":33,"blocks":11}