{"gameID":"2014-05-24-CHI-MAD","teamID":"radicals","completionPercentage":0.9224489795918367,"completions":226,"huckPercentage":null,"redZonePercentage":null,"holdPercentage":0.7142857142857143,"breakPercentage":0.29411764705882354,"score":-1,"turnovers":19,"blocks":12}