{"gameID":"2014-05-03-SEA-SJ","teamID":"spiders","completionPercentage":0.8605769230769231,"completions":179,"huckPercentage":null,"redZonePercentage":null,"holdPercentage":0.9090909090909091,"breakPercentage":0.18518518518518517,"score":-1,"turnovers":29,"blocks":10}