{"gameID":"2014-06-20-CHI-MAD","teamID":"union","completionPercentage":0.9337539432176656,"completions":296,"huckPercentage":null,"redZonePercentage":null,"holdPercentage":0.6538461538461539,"breakPercentage":0.09523809523809523,"score":-1,"turnovers":21,"blocks":9}