{"gameID":"2014-05-04-PHI-DC","teamID":"phoenix","completionPercentage":0.8842443729903537,"completions":275,"huckPercentage":null,"redZonePercentage":null,"holdPercentage":0.5333333333333333,"breakPercentage":0.14285714285714285,"score":-1,"turnovers":36,"blocks":12}