{"gameID":"2014-07-13-IND-MIN","teamID":"windchill","completionPercentage":0.8899082568807339,"completions":194,"huckPercentage":null,"redZonePercentage":null,"holdPercentage":0.7058823529411765,"breakPercentage":0.48148148148148145,"score":-1,"turnovers":24,"blocks":14}