{"gameID":"2014-04-13-MIN-CHI","teamID":"union","completionPercentage":0.9290780141843972,"completions":262,"huckPercentage":null,"redZonePercentage":null,"holdPercentage":0.7619047619047619,"breakPercentage":0.3793103448275862,"score":-1,"turnovers":20,"blocks":17}