{"gameID":"2014-07-19-IND-MAD","teamID":"alleycats","completionPercentage":0.9113924050632911,"completions":288,"huckPercentage":null,"redZonePercentage":null,"holdPercentage":0.48148148148148145,"breakPercentage":0.16666666666666666,"score":-1,"turnovers":28,"blocks":6}