{"gameID":"2014-06-14-PHI-ROC","teamID":"phoenix","completionPercentage":0.9112426035502958,"completions":308,"huckPercentage":null,"redZonePercentage":null,"holdPercentage":0.6111111111111112,"breakPercentage":0.3157894736842105,"score":-1,"turnovers":30,"blocks":12}