{"gameID":"2014-05-03-ROC-TOR","teamID":"dragons","completionPercentage":0.8145161290322581,"completions":202,"huckPercentage":null,"redZonePercentage":null,"holdPercentage":0.32142857142857145,"breakPercentage":0.15384615384615385,"score":-1,"turnovers":46,"blocks":9}