{"gameID":"2014-06-08-MTL-DC","teamID":"breeze","completionPercentage":0.9219330855018587,"completions":248,"huckPercentage":null,"redZonePercentage":null,"holdPercentage":0.6538461538461539,"breakPercentage":0.2962962962962963,"score":-1,"turnovers":21,"blocks":12}