{"gameID":"2014-04-19-SEA-VAN","teamID":"cascades","completionPercentage":0.8943661971830986,"completions":254,"huckPercentage":null,"redZonePercentage":null,"holdPercentage":0.5769230769230769,"breakPercentage":0.19047619047619047,"score":-1,"turnovers":30,"blocks":16}