{"gameID":"2014-05-25-VAN-SEA","teamID":"riptide","completionPercentage":0.8949579831932774,"completions":213,"huckPercentage":null,"redZonePercentage":null,"holdPercentage":0.5555555555555556,"breakPercentage":0.4782608695652174,"score":-1,"turnovers":25,"blocks":27}