{"gameID":"2014-04-13-TOR-NY","teamID":"rush","completionPercentage":0.9087947882736156,"completions":279,"huckPercentage":null,"redZonePercentage":null,"holdPercentage":0.5454545454545454,"breakPercentage":0.4166666666666667,"score":-1,"turnovers":28,"blocks":11}