{"gameID":"2014-05-10-SF-SLC","teamID":"lions","completionPercentage":0.8415094339622642,"completions":223,"huckPercentage":null,"redZonePercentage":null,"holdPercentage":0.5238095238095238,"breakPercentage":0.2777777777777778,"score":-1,"turnovers":42,"blocks":18}ocks":10}