{"gameID":"2014-06-21-PHI-MTL","teamID":"royal","completionPercentage":0.9450171821305842,"completions":275,"huckPercentage":null,"redZonePercentage":null,"holdPercentage":0.6666666666666666,"breakPercentage":0.5151515151515151,"score":-1,"turnovers":16,"blocks":16}