{"gameID":"2014-06-20-CHI-MAD","teamID":"radicals","completionPercentage":0.9494584837545126,"completions":263,"huckPercentage":null,"redZonePercentage":null,"holdPercentage":0.7142857142857143,"breakPercentage":0.34615384615384615,"score":-1,"turnovers":14,"blocks":12}