{"gameID":"2014-05-24-DC-TOR","teamID":"rush","completionPercentage":0.9221789883268483,"completions":237,"huckPercentage":null,"redZonePercentage":null,"holdPercentage":0.631578947368421,"breakPercentage":0.5333333333333333,"score":-1,"turnovers":20,"blocks":18}