{"gameID":"2014-05-03-NY-MTL","teamID":"empire","completionPercentage":0.9219330855018587,"completions":248,"huckPercentage":null,"redZonePercentage":null,"holdPercentage":0.6111111111111112,"breakPercentage":0.3157894736842105,"score":-1,"turnovers":21,"blocks":14}