{"gameID":"2014-04-26-CIN-CHI","teamID":"revolution","completionPercentage":0.22033898305084745,"completions":13,"huckPercentage":null,"redZonePercentage":null,"holdPercentage":0.32142857142857145,"breakPercentage":0.21428571428571427,"score":-1,"turnovers":46,"blocks":4}