{"gameID":"2014-07-06-DC-PHI","teamID":"phoenix","completionPercentage":0.9259259259259259,"completions":325,"huckPercentage":null,"redZonePercentage":null,"holdPercentage":0.6153846153846154,"breakPercentage":0.18181818181818182,"score":-1,"turnovers":26,"blocks":13}