{"gameID":"2014-05-24-MIN-CIN","teamID":"windchill","completionPercentage":0.9400544959128065,"completions":345,"huckPercentage":null,"redZonePercentage":null,"holdPercentage":0.7142857142857143,"breakPercentage":0.21428571428571427,"score":-1,"turnovers":22,"blocks":16}