{"gameID":"2014-05-16-IND-CIN","teamID":"alleycats","completionPercentage":0.9261538461538461,"completions":301,"huckPercentage":null,"redZonePercentage":null,"holdPercentage":0.7727272727272727,"breakPercentage":0.2692307692307692,"score":-1,"turnovers":24,"blocks":17}5}