{"gameID":"2014-05-24-DC-TOR","teamID":"breeze","completionPercentage":0.9142857142857143,"completions":320,"huckPercentage":null,"redZonePercentage":null,"holdPercentage":0.3793103448275862,"breakPercentage":0.3157894736842105,"score":-1,"turnovers":30,"blocks":10}