{"gameID":"2014-05-31-VAN-SJ","teamID":"riptide","completionPercentage":0.9273356401384083,"completions":268,"huckPercentage":null,"redZonePercentage":null,"holdPercentage":0.7142857142857143,"breakPercentage":0.18518518518518517,"score":-1,"turnovers":21,"blocks":10}