{"gameID":"2014-06-21-SF-SLC","teamID":"lions","completionPercentage":0.9135446685878963,"completions":317,"huckPercentage":null,"redZonePercentage":null,"holdPercentage":0.5454545454545454,"breakPercentage":0.16666666666666666,"score":-1,"turnovers":30,"blocks":10}