{"gameID":"2014-04-13-VAN-SLC","teamID":"lions","completionPercentage":0.8054474708171206,"completions":207,"huckPercentage":null,"redZonePercentage":null,"holdPercentage":0.391304347826087,"breakPercentage":0.21428571428571427,"score":-1,"turnovers":50,"blocks":15}