{"gameID":"2015-06-06-DC-PHI","teamID":"breeze","completionPercentage":0.9008264462809917,"completions":218,"huckPercentage":null,"redZonePercentage":null,"holdPercentage":0.6363636363636364,"breakPercentage":0.42857142857142855,"score":-1,"turnovers":24,"blocks":17}