{"gameID":"2015-06-28-MIN-IND","teamID":"alleycats","completionPercentage":0.9171597633136095,"completions":310,"huckPercentage":null,"redZonePercentage":null,"holdPercentage":0.6296296296296297,"breakPercentage":0.17391304347826086,"score":-1,"turnovers":28,"blocks":13}