{"gameID":"2015-04-18-SF-SJ","teamID":"spiders","completionPercentage":0.9418181818181818,"completions":259,"huckPercentage":null,"redZonePercentage":null,"holdPercentage":0.7857142857142857,"breakPercentage":0.22580645161290322,"score":-1,"turnovers":16,"blocks":9}ks":10}