{"gameID":"2015-05-15-IND-DET","teamID":"mechanix","completionPercentage":0.9118541033434651,"completions":300,"huckPercentage":null,"redZonePercentage":null,"holdPercentage":0.5333333333333333,"breakPercentage":0.09523809523809523,"score":-1,"turnovers":29,"blocks":13}