{"gameID":"2015-05-09-CHA-JAX","teamID":"cannons","completionPercentage":0.9218106995884774,"completions":224,"huckPercentage":null,"redZonePercentage":null,"holdPercentage":0.6842105263157895,"breakPercentage":0.4642857142857143,"score":-1,"turnovers":19,"blocks":12}