{"gameID":"2015-06-21-SEA-SF","teamID":"cascades","completionPercentage":0.9056603773584906,"completions":288,"huckPercentage":null,"redZonePercentage":null,"holdPercentage":0.5714285714285714,"breakPercentage":0.21739130434782608,"score":-1,"turnovers":30,"blocks":15}":8}