{"gameID":"2015-04-18-VAN-SEA","teamID":"cascades","completionPercentage":0.9057377049180327,"completions":221,"huckPercentage":null,"redZonePercentage":null,"holdPercentage":0.6521739130434783,"breakPercentage":0.22727272727272727,"score":-1,"turnovers":23,"blocks":12}