{"gameID":"2015-05-24-NY-OTT","teamID":"empire","completionPercentage":0.8842975206611571,"completions":214,"huckPercentage":null,"redZonePercentage":null,"holdPercentage":0.5789473684210527,"breakPercentage":0.4583333333333333,"score":-1,"turnovers":28,"blocks":19}