{"gameID":"2015-06-27-OTT-MTL","teamID":"outlaws","completionPercentage":0.9436619718309859,"completions":335,"huckPercentage":null,"redZonePercentage":null,"holdPercentage":0.7777777777777778,"breakPercentage":0.25806451612903225,"score":-1,"turnovers":20,"blocks":12}