{"gameID":"2015-08-09-MAD-SJ","teamID":"radicals","completionPercentage":0.8983050847457628,"completions":212,"huckPercentage":null,"redZonePercentage":null,"holdPercentage":0.6842105263157895,"breakPercentage":0.11764705882352941,"score":-1,"turnovers":24,"blocks":16}