{"gameID":"2015-07-24-NY-MTL","teamID":"royal","completionPercentage":0.8930041152263375,"completions":217,"huckPercentage":null,"redZonePercentage":null,"holdPercentage":0.45714285714285713,"breakPercentage":0.18181818181818182,"score":-1,"turnovers":26,"blocks":10}