{"gameID":"2015-07-25-JAX-RAL","teamID":"flyers","completionPercentage":0.9180327868852459,"completions":280,"huckPercentage":null,"redZonePercentage":null,"holdPercentage":0.6333333333333333,"breakPercentage":0.2903225806451613,"score":-1,"turnovers":25,"blocks":15}