{"gameID":"2015-07-10-DET-PIT","teamID":"mechanix","completionPercentage":0.8873239436619719,"completions":315,"huckPercentage":null,"redZonePercentage":null,"holdPercentage":0.3409090909090909,"breakPercentage":0.05555555555555555,"score":-1,"turnovers":40,"blocks":6}:24}