{"gameID":"2015-05-10-SD-VAN","teamID":"riptide","completionPercentage":0.9413680781758957,"completions":289,"huckPercentage":null,"redZonePercentage":null,"holdPercentage":0.7419354838709677,"breakPercentage":0.13793103448275862,"score":-1,"turnovers":18,"blocks":8}