{"gameID":"2015-05-30-LA-SJ","teamID":"spiders","completionPercentage":0.9351145038167938,"completions":245,"huckPercentage":null,"redZonePercentage":null,"holdPercentage":0.7619047619047619,"breakPercentage":0.3793103448275862,"score":-1,"turnovers":17,"blocks":12}