{"gameID":"2015-05-02-CHA-RAL","teamID":"flyers","completionPercentage":0.9112903225806451,"completions":226,"huckPercentage":null,"redZonePercentage":null,"holdPercentage":0.7083333333333334,"breakPercentage":0.4722222222222222,"score":-1,"turnovers":22,"blocks":15}