{"gameID":"2015-05-30-ROC-NY","teamID":"empire","completionPercentage":0.930379746835443,"completions":294,"huckPercentage":null,"redZonePercentage":null,"holdPercentage":0.8333333333333334,"breakPercentage":0.41379310344827586,"score":-1,"turnovers":22,"blocks":14}