{"gameID":"2015-06-21-VAN-LA","teamID":"aviators","completionPercentage":0.9148936170212766,"completions":258,"huckPercentage":null,"redZonePercentage":null,"holdPercentage":0.8181818181818182,"breakPercentage":0.3103448275862069,"score":-1,"turnovers":24,"blocks":13}