{"gameID":"2015-06-12-PIT-CHI","teamID":"union","completionPercentage":0.9281914893617021,"completions":349,"huckPercentage":null,"redZonePercentage":null,"holdPercentage":0.5555555555555556,"breakPercentage":0.42857142857142855,"score":-1,"turnovers":27,"blocks":14}s":13}