{"gameID":"2015-05-16-CHI-MIN","teamID":"union","completionPercentage":0.8685714285714285,"completions":152,"huckPercentage":null,"redZonePercentage":null,"holdPercentage":0.6428571428571429,"breakPercentage":0.21428571428571427,"score":-1,"turnovers":23,"blocks":11}