{"gameID":"2015-07-03-NY-ROC","teamID":"empire","completionPercentage":0.914179104477612,"completions":245,"huckPercentage":null,"redZonePercentage":null,"holdPercentage":0.7142857142857143,"breakPercentage":0.37037037037037035,"score":-1,"turnovers":23,"blocks":19}3}