{"gameID":"2015-07-19-SEA-VAN","teamID":"cascades","completionPercentage":0.9233449477351916,"completions":265,"huckPercentage":null,"redZonePercentage":null,"holdPercentage":0.7142857142857143,"breakPercentage":0.15384615384615385,"score":-1,"turnovers":22,"blocks":11}