{"gameID":"2015-06-21-DC-NY","teamID":"empire","completionPercentage":0.8566176470588235,"completions":233,"huckPercentage":null,"redZonePercentage":null,"holdPercentage":0.5333333333333333,"breakPercentage":0.5652173913043478,"score":-1,"turnovers":39,"blocks":18}