{"gameID":"2015-06-28-SF-SEA","teamID":"cascades","completionPercentage":0.9243986254295533,"completions":269,"huckPercentage":null,"redZonePercentage":null,"holdPercentage":0.6842105263157895,"breakPercentage":0.4827586206896552,"score":-1,"turnovers":22,"blocks":18}