{"gameID":"2015-07-19-DET-CHI","teamID":"mechanix","completionPercentage":0.7333333333333333,"completions":110,"huckPercentage":null,"redZonePercentage":null,"holdPercentage":0.36666666666666664,"breakPercentage":0.07142857142857142,"score":-1,"turnovers":40,"blocks":10}