{"gameID":"2015-06-27-ROC-TOR","teamID":"rush","completionPercentage":0.8166666666666667,"completions":196,"huckPercentage":null,"redZonePercentage":null,"holdPercentage":0.6666666666666666,"breakPercentage":0.6551724137931034,"score":-1,"turnovers":44,"blocks":21}