{"gameID":"2015-06-05-RAL-ATL","teamID":"flyers","completionPercentage":0.8701923076923077,"completions":181,"huckPercentage":null,"redZonePercentage":null,"holdPercentage":0.6153846153846154,"breakPercentage":0.18181818181818182,"score":-1,"turnovers":27,"blocks":14}