{"gameID":"2015-05-23-DC-TOR","teamID":"breeze","completionPercentage":0.8872727272727273,"completions":244,"huckPercentage":null,"redZonePercentage":null,"holdPercentage":0.4857142857142857,"breakPercentage":0.17391304347826086,"score":-1,"turnovers":31,"blocks":11}