{"gameID":"2015-06-28-PHI-NY","teamID":"empire","completionPercentage":0.9277566539923955,"completions":244,"huckPercentage":null,"redZonePercentage":null,"holdPercentage":0.6666666666666666,"breakPercentage":0.5384615384615384,"score":-1,"turnovers":19,"blocks":12}