{"gameID":"2015-06-20-VAN-SD","teamID":"riptide","completionPercentage":0.9283018867924528,"completions":246,"huckPercentage":null,"redZonePercentage":null,"holdPercentage":0.7058823529411765,"breakPercentage":0.13333333333333333,"score":-1,"turnovers":19,"blocks":6}