{"gameID":"2015-04-18-VAN-SEA","teamID":"riptide","completionPercentage":0.9311594202898551,"completions":257,"huckPercentage":null,"redZonePercentage":null,"holdPercentage":0.8181818181818182,"breakPercentage":0.13043478260869565,"score":-1,"turnovers":19,"blocks":11}