{"gameID":"2015-05-31-PHI-MTL","teamID":"phoenix","completionPercentage":0.8677966101694915,"completions":256,"huckPercentage":null,"redZonePercentage":null,"holdPercentage":0.3333333333333333,"breakPercentage":0.3888888888888889,"score":-1,"turnovers":39,"blocks":15}