{"gameID":"2015-05-23-SF-SD","teamID":"growlers","completionPercentage":0.9283387622149837,"completions":285,"huckPercentage":null,"redZonePercentage":null,"holdPercentage":0.5517241379310345,"breakPercentage":0.3333333333333333,"score":-1,"turnovers":22,"blocks":12}