{"gameID":"2015-06-21-DC-NY","teamID":"breeze","completionPercentage":0.7937219730941704,"completions":177,"huckPercentage":null,"redZonePercentage":null,"holdPercentage":0.34782608695652173,"breakPercentage":0.3333333333333333,"score":-1,"turnovers":46,"blocks":15}