{"gameID":"2015-05-16-MTL-OTT","teamID":"outlaws","completionPercentage":0.9295774647887324,"completions":330,"huckPercentage":null,"redZonePercentage":null,"holdPercentage":0.6923076923076923,"breakPercentage":0.25925925925925924,"score":-1,"turnovers":25,"blocks":11}