{"gameID":"2015-08-09-MAD-SJ","teamID":"spiders","completionPercentage":0.9317507418397626,"completions":314,"huckPercentage":null,"redZonePercentage":null,"holdPercentage":0.7647058823529411,"breakPercentage":0.21052631578947367,"score":-1,"turnovers":23,"blocks":10}}