{"gameID":"2015-07-18-CHA-NSH","teamID":"nightwatch","completionPercentage":0.9261538461538461,"completions":301,"huckPercentage":null,"redZonePercentage":null,"holdPercentage":0.8095238095238095,"breakPercentage":0.20833333333333334,"score":-1,"turnovers":24,"blocks":11}