{"gameID":"2015-05-16-TOR-ROC","teamID":"dragons","completionPercentage":0.8978102189781022,"completions":246,"huckPercentage":null,"redZonePercentage":null,"holdPercentage":0.48717948717948717,"breakPercentage":0.08695652173913043,"score":-1,"turnovers":28,"blocks":5}