{"gameID":"2015-07-04-DC-OTT","teamID":"outlaws","completionPercentage":0.9288025889967637,"completions":287,"huckPercentage":null,"redZonePercentage":null,"holdPercentage":0.6428571428571429,"breakPercentage":0.25925925925925924,"score":-1,"turnovers":22,"blocks":9}