{"gameID":"2015-04-12-TOR-PHI","teamID":"phoenix","completionPercentage":0.8744769874476988,"completions":209,"huckPercentage":null,"redZonePercentage":null,"holdPercentage":0.5925925925925926,"breakPercentage":0.21739130434782608,"score":-1,"turnovers":30,"blocks":10}