{"gameID":"2015-06-27-SF-VAN","teamID":"riptide","completionPercentage":0.8941605839416058,"completions":245,"huckPercentage":null,"redZonePercentage":null,"holdPercentage":0.5833333333333334,"breakPercentage":0.23809523809523808,"score":-1,"turnovers":29,"blocks":14}