{"gameID":"2015-05-03-MTL-DC","teamID":"royal","completionPercentage":0.901060070671378,"completions":255,"huckPercentage":null,"redZonePercentage":null,"holdPercentage":0.5909090909090909,"breakPercentage":0.34782608695652173,"score":-1,"turnovers":28,"blocks":16}