{"gameID":"2015-06-27-ATL-CHA","teamID":"express","completionPercentage":0.919889502762431,"completions":333,"huckPercentage":null,"redZonePercentage":null,"holdPercentage":0.39285714285714285,"breakPercentage":0.13333333333333333,"score":-1,"turnovers":29,"blocks":13}