{"gameID":"2015-05-24-DC-ROC","teamID":"breeze","completionPercentage":0.9247648902821317,"completions":295,"huckPercentage":null,"redZonePercentage":null,"holdPercentage":0.6666666666666666,"breakPercentage":0.2857142857142857,"score":-1,"turnovers":24,"blocks":17}