{"gameID":"2015-07-03-NY-ROC","teamID":"dragons","completionPercentage":0.9050632911392406,"completions":286,"huckPercentage":null,"redZonePercentage":null,"holdPercentage":0.5555555555555556,"breakPercentage":0.19047619047619047,"score":-1,"turnovers":30,"blocks":13}