{"gameID":"2015-07-11-NSH-JAX","teamID":"cannons","completionPercentage":0.9512195121951219,"completions":273,"huckPercentage":null,"redZonePercentage":null,"holdPercentage":0.8275862068965517,"breakPercentage":0.16129032258064516,"score":-1,"turnovers":14,"blocks":7}:8}