{"gameID":"2015-07-25-JAX-RAL","teamID":"cannons","completionPercentage":0.9106529209621993,"completions":265,"huckPercentage":null,"redZonePercentage":null,"holdPercentage":0.5161290322580645,"breakPercentage":0.36666666666666664,"score":-1,"turnovers":26,"blocks":7}