{"gameID":"2015-05-16-ATL-JAX","teamID":"hustle","completionPercentage":0.9335347432024169,"completions":309,"huckPercentage":null,"redZonePercentage":null,"holdPercentage":0.7142857142857143,"breakPercentage":0.08333333333333333,"score":-1,"turnovers":22,"blocks":12}