{"gameID":"2015-04-12-VAN-SJ","teamID":"riptide","completionPercentage":0.8945454545454545,"completions":246,"huckPercentage":null,"redZonePercentage":null,"holdPercentage":0.6470588235294118,"breakPercentage":0.14285714285714285,"score":-1,"turnovers":29,"blocks":12}