{"gameID":"2015-07-05-DC-MTL","teamID":"royal","completionPercentage":0.8745387453874539,"completions":237,"huckPercentage":null,"redZonePercentage":null,"holdPercentage":0.6521739130434783,"breakPercentage":0.37037037037037035,"score":-1,"turnovers":34,"blocks":20}