{"gameID":"2015-05-23-MIN-CHI","teamID":"windchill","completionPercentage":0.8810408921933085,"completions":237,"huckPercentage":null,"redZonePercentage":null,"holdPercentage":0.4074074074074074,"breakPercentage":0.23529411764705882,"score":-1,"turnovers":32,"blocks":15}