{"gameID":"2015-06-13-PHI-TOR","teamID":"phoenix","completionPercentage":0.8260869565217391,"completions":171,"huckPercentage":null,"redZonePercentage":null,"holdPercentage":0.41025641025641024,"breakPercentage":0.05263157894736842,"score":-1,"turnovers":36,"blocks":6}