{"gameID":"2015-05-23-CIN-DET","teamID":"mechanix","completionPercentage":0.9272727272727272,"completions":306,"huckPercentage":null,"redZonePercentage":null,"holdPercentage":0.6451612903225806,"breakPercentage":0.18518518518518517,"score":-1,"turnovers":24,"blocks":12}}