{"gameID":"2015-04-11-VAN-SF","teamID":"riptide","completionPercentage":0.8846153846153846,"completions":253,"huckPercentage":null,"redZonePercentage":null,"holdPercentage":0.5357142857142857,"breakPercentage":0.35714285714285715,"score":-1,"turnovers":33,"blocks":17}