{"gameID":"2015-07-26-SEA-SJ","teamID":"cascades","completionPercentage":0.8970588235294118,"completions":244,"huckPercentage":null,"redZonePercentage":null,"holdPercentage":0.6956521739130435,"breakPercentage":0.14285714285714285,"score":-1,"turnovers":28,"blocks":6}