{"gameID":"2015-06-20-RAL-CHA","teamID":"express","completionPercentage":0.9478021978021978,"completions":345,"huckPercentage":null,"redZonePercentage":null,"holdPercentage":0.6923076923076923,"breakPercentage":0.13043478260869565,"score":-1,"turnovers":19,"blocks":7}