{"gameID":"2015-05-30-LA-SJ","teamID":"aviators","completionPercentage":0.9141914191419142,"completions":277,"huckPercentage":null,"redZonePercentage":null,"holdPercentage":0.5862068965517241,"breakPercentage":0.09523809523809523,"score":-1,"turnovers":26,"blocks":11}