{"gameID":"2015-06-06-CHA-JAX","teamID":"express","completionPercentage":0.8721804511278195,"completions":232,"huckPercentage":null,"redZonePercentage":null,"holdPercentage":0.32142857142857145,"breakPercentage":0.21428571428571427,"score":-1,"turnovers":34,"blocks":13}