{"gameID":"2015-06-27-OTT-MTL","teamID":"royal","completionPercentage":0.5535714285714286,"completions":31,"huckPercentage":null,"redZonePercentage":null,"holdPercentage":0.6451612903225806,"breakPercentage":0.18518518518518517,"score":-1,"turnovers":25,"blocks":8}:12}