{"gameID":"2015-05-24-SJ-VAN","teamID":"spiders","completionPercentage":0.9131944444444444,"completions":263,"huckPercentage":null,"redZonePercentage":null,"holdPercentage":0.5454545454545454,"breakPercentage":0.23076923076923078,"score":-1,"turnovers":25,"blocks":8}