{"gameID":"2015-04-11-ATL-RAL","teamID":"flyers","completionPercentage":0.9080459770114943,"completions":237,"huckPercentage":null,"redZonePercentage":null,"holdPercentage":0.6956521739130435,"breakPercentage":0.41935483870967744,"score":-1,"turnovers":24,"blocks":11}