{"gameID":"2015-08-08-RAL-MAD","teamID":"flyers","completionPercentage":0.8768656716417911,"completions":235,"huckPercentage":null,"redZonePercentage":null,"holdPercentage":0.5416666666666666,"breakPercentage":0.2857142857142857,"score":-1,"turnovers":33,"blocks":15}