{"gameID":"2015-07-25-SEA-SF","teamID":"cascades","completionPercentage":0.9157894736842105,"completions":261,"huckPercentage":null,"redZonePercentage":null,"holdPercentage":0.6190476190476191,"breakPercentage":0.34782608695652173,"score":-1,"turnovers":24,"blocks":12}