{"gameID":"2015-06-28-CHI-PIT","teamID":"union","completionPercentage":0.9244791666666666,"completions":355,"huckPercentage":null,"redZonePercentage":null,"holdPercentage":0.7241379310344828,"breakPercentage":0.1724137931034483,"score":-1,"turnovers":29,"blocks":12}ks":12}