{"gameID":"2015-04-11-SEA-LA","teamID":"cascades","completionPercentage":0.9372693726937269,"completions":254,"huckPercentage":null,"redZonePercentage":null,"holdPercentage":0.7727272727272727,"breakPercentage":0.3870967741935484,"score":-1,"turnovers":17,"blocks":16}