{"gameID":"2015-05-24-SJ-VAN","teamID":"riptide","completionPercentage":0.9362416107382551,"completions":279,"huckPercentage":null,"redZonePercentage":null,"holdPercentage":0.6923076923076923,"breakPercentage":0.3939393939393939,"score":-1,"turnovers":19,"blocks":13}