{"gameID":"2015-05-23-DC-TOR","teamID":"rush","completionPercentage":0.9381443298969072,"completions":273,"huckPercentage":null,"redZonePercentage":null,"holdPercentage":0.782608695652174,"breakPercentage":0.42857142857142855,"score":-1,"turnovers":18,"blocks":15}