{"gameID":"2015-07-18-NY-PHI","teamID":"phoenix","completionPercentage":0.8949416342412452,"completions":230,"huckPercentage":null,"redZonePercentage":null,"holdPercentage":0.5909090909090909,"breakPercentage":0.21052631578947367,"score":-1,"turnovers":27,"blocks":13}