{"gameID":"2015-05-09-CHA-JAX","teamID":"express","completionPercentage":0.8640776699029126,"completions":178,"huckPercentage":null,"redZonePercentage":null,"holdPercentage":0.4642857142857143,"breakPercentage":0.21052631578947367,"score":-1,"turnovers":28,"blocks":12}