{"gameID":"2015-05-10-MIN-DET","teamID":"mechanix","completionPercentage":0.8776223776223776,"completions":251,"huckPercentage":null,"redZonePercentage":null,"holdPercentage":0.5862068965517241,"breakPercentage":0.13636363636363635,"score":-1,"turnovers":35,"blocks":12}