{"gameID":"2015-05-24-DC-ROC","teamID":"dragons","completionPercentage":0.9272727272727272,"completions":306,"huckPercentage":null,"redZonePercentage":null,"holdPercentage":0.6428571428571429,"breakPercentage":0.25925925925925924,"score":-1,"turnovers":24,"blocks":11}