{"gameID":"2015-05-31-LA-SF","teamID":"aviators","completionPercentage":0.8916967509025271,"completions":247,"huckPercentage":null,"redZonePercentage":null,"holdPercentage":0.4230769230769231,"breakPercentage":0.3157894736842105,"score":-1,"turnovers":30,"blocks":11}