{"gameID":"2015-07-26-SEA-SJ","teamID":"spiders","completionPercentage":0.9131944444444444,"completions":263,"huckPercentage":null,"redZonePercentage":null,"holdPercentage":0.7142857142857143,"breakPercentage":0.2608695652173913,"score":-1,"turnovers":25,"blocks":10}