{"gameID":"2015-08-08-TOR-SJ","teamID":"rush","completionPercentage":0.9267515923566879,"completions":291,"huckPercentage":null,"redZonePercentage":null,"holdPercentage":0.5555555555555556,"breakPercentage":0.22727272727272727,"score":-1,"turnovers":23,"blocks":9}