{"gameID":"2015-04-11-TOR-DC","teamID":"breeze","completionPercentage":0.8148148148148148,"completions":154,"huckPercentage":null,"redZonePercentage":null,"holdPercentage":0.39473684210526316,"breakPercentage":0.10526315789473684,"score":-1,"turnovers":35,"blocks":5}