{"gameID":"2015-07-19-OTT-TOR","teamID":"rush","completionPercentage":0.8675213675213675,"completions":203,"huckPercentage":null,"redZonePercentage":null,"holdPercentage":0.6190476190476191,"breakPercentage":0.4444444444444444,"score":-1,"turnovers":31,"blocks":18}6}