{"gameID":"2015-05-03-OTT-NY","teamID":"empire","completionPercentage":0.9041095890410958,"completions":198,"huckPercentage":null,"redZonePercentage":null,"holdPercentage":0.6842105263157895,"breakPercentage":0.4230769230769231,"score":-1,"turnovers":21,"blocks":16}