{"gameID":"2015-04-11-PIT-IND","teamID":"alleycats","completionPercentage":0.9127725856697819,"completions":293,"huckPercentage":null,"redZonePercentage":null,"holdPercentage":0.6333333333333333,"breakPercentage":0.045454545454545456,"score":-1,"turnovers":28,"blocks":10}