{"gameID":"2015-07-11-PIT-CIN","teamID":"revolution","completionPercentage":0.9230769230769231,"completions":312,"huckPercentage":null,"redZonePercentage":null,"holdPercentage":0.6571428571428571,"breakPercentage":0.13793103448275862,"score":-1,"turnovers":26,"blocks":13}