{"gameID":"2015-07-19-LA-SD","teamID":"aviators","completionPercentage":0.9049180327868852,"completions":276,"huckPercentage":null,"redZonePercentage":null,"holdPercentage":0.43478260869565216,"breakPercentage":0.29411764705882354,"score":-1,"turnovers":29,"blocks":13}