{"gameID":"2015-06-06-CHA-JAX","teamID":"cannons","completionPercentage":0.8913043478260869,"completions":164,"huckPercentage":null,"redZonePercentage":null,"holdPercentage":0.6428571428571429,"breakPercentage":0.6071428571428571,"score":-1,"turnovers":20,"blocks":14}