{"gameID":"2015-06-21-VAN-LA","teamID":"riptide","completionPercentage":0.9028213166144201,"completions":288,"huckPercentage":null,"redZonePercentage":null,"holdPercentage":0.5862068965517241,"breakPercentage":0.13636363636363635,"score":-1,"turnovers":31,"blocks":12}