{"gameID":"2015-07-24-NY-MTL","teamID":"empire","completionPercentage":0.9546925566343042,"completions":295,"huckPercentage":null,"redZonePercentage":null,"holdPercentage":0.7272727272727273,"breakPercentage":0.4857142857142857,"score":-1,"turnovers":14,"blocks":17}