{"gameID":"2015-06-13-PHI-TOR","teamID":"rush","completionPercentage":0.956140350877193,"completions":327,"huckPercentage":null,"redZonePercentage":null,"holdPercentage":0.9473684210526315,"breakPercentage":0.48717948717948717,"score":-1,"turnovers":15,"blocks":25}