{"gameID":"2015-04-12-SEA-SD","teamID":"growlers","completionPercentage":0.9351535836177475,"completions":274,"huckPercentage":null,"redZonePercentage":null,"holdPercentage":0.6428571428571429,"breakPercentage":0.16666666666666666,"score":-1,"turnovers":19,"blocks":6}