{"gameID":"2015-04-19-JAX-CHA","teamID":"cannons","completionPercentage":0.9261363636363636,"completions":326,"huckPercentage":null,"redZonePercentage":null,"holdPercentage":0.6190476190476191,"breakPercentage":0.3333333333333333,"score":-1,"turnovers":26,"blocks":12}