{"gameID":"2015-05-10-SD-VAN","teamID":"growlers","completionPercentage":0.953416149068323,"completions":307,"huckPercentage":null,"redZonePercentage":null,"holdPercentage":0.7586206896551724,"breakPercentage":0.22580645161290322,"score":-1,"turnovers":15,"blocks":10}