{"gameID":"2015-04-11-TOR-DC","teamID":"rush","completionPercentage":0.9542857142857143,"completions":334,"huckPercentage":null,"redZonePercentage":null,"holdPercentage":0.8421052631578947,"breakPercentage":0.5384615384615384,"score":-1,"turnovers":16,"blocks":17}