{"gameID":"2015-06-20-SEA-SJ","teamID":"spiders","completionPercentage":0.9550173010380623,"completions":276,"huckPercentage":null,"redZonePercentage":null,"holdPercentage":0.8620689655172413,"breakPercentage":0.2702702702702703,"score":-1,"turnovers":13,"blocks":13}