{"gameID":"2015-07-25-NY-TOR","teamID":"empire","completionPercentage":0.8477366255144033,"completions":206,"huckPercentage":null,"redZonePercentage":null,"holdPercentage":0.48148148148148145,"breakPercentage":0.2857142857142857,"score":-1,"turnovers":37,"blocks":7}