{"gameID":"2015-06-05-RAL-ATL","teamID":"hustle","completionPercentage":0.9223300970873787,"completions":285,"huckPercentage":null,"redZonePercentage":null,"holdPercentage":0.7272727272727273,"breakPercentage":0.3076923076923077,"score":-1,"turnovers":24,"blocks":14}