{"gameID":"2015-04-26-TOR-MTL","teamID":"rush","completionPercentage":0.9163498098859315,"completions":241,"huckPercentage":null,"redZonePercentage":null,"holdPercentage":0.6206896551724138,"breakPercentage":0.2857142857142857,"score":-1,"turnovers":22,"blocks":10}