{"gameID":"2015-06-13-PIT-DET","teamID":"mechanix","completionPercentage":0.899390243902439,"completions":295,"huckPercentage":null,"redZonePercentage":null,"holdPercentage":0.5405405405405406,"breakPercentage":0.041666666666666664,"score":-1,"turnovers":33,"blocks":8}:20}