{"gameID":"2015-05-22-MIN-MAD","teamID":"radicals","completionPercentage":0.9126637554585153,"completions":209,"huckPercentage":null,"redZonePercentage":null,"holdPercentage":0.8333333333333334,"breakPercentage":0.5862068965517241,"score":-1,"turnovers":20,"blocks":19}0}