{"gameID":"2015-06-07-MAD-DET","teamID":"mechanix","completionPercentage":0.8283261802575107,"completions":193,"huckPercentage":null,"redZonePercentage":null,"holdPercentage":0.41379310344827586,"breakPercentage":0.06666666666666667,"score":-1,"turnovers":40,"blocks":11}