{"gameID":"2015-06-27-MIN-CIN","teamID":"windchill","completionPercentage":0.8966666666666666,"completions":269,"huckPercentage":null,"redZonePercentage":null,"holdPercentage":0.7368421052631579,"breakPercentage":0.30434782608695654,"score":-1,"turnovers":31,"blocks":27}