{"gameID":"2015-07-18-IND-PIT","teamID":"alleycats","completionPercentage":0.9252669039145908,"completions":260,"huckPercentage":null,"redZonePercentage":null,"holdPercentage":0.6451612903225806,"breakPercentage":0.18518518518518517,"score":-1,"turnovers":21,"blocks":8}7}