{"gameID":"2015-05-30-ROC-NY","teamID":"dragons","completionPercentage":0.8955696202531646,"completions":283,"huckPercentage":null,"redZonePercentage":null,"holdPercentage":0.4482758620689655,"breakPercentage":0.16666666666666666,"score":-1,"turnovers":33,"blocks":14}