{"gameID":"2015-06-21-MTL-ROC","teamID":"dragons","completionPercentage":0.9020771513353115,"completions":304,"huckPercentage":null,"redZonePercentage":null,"holdPercentage":0.5185185185185185,"breakPercentage":0.30434782608695654,"score":-1,"turnovers":33,"blocks":11}