{"gameID":"2015-06-27-ROC-TOR","teamID":"dragons","completionPercentage":0.748062015503876,"completions":193,"huckPercentage":null,"redZonePercentage":null,"holdPercentage":0.3103448275862069,"breakPercentage":0.08333333333333333,"score":-1,"turnovers":65,"blocks":11}