{"gameID":"2015-05-23-NY-MTL","teamID":"royal","completionPercentage":0.8349056603773585,"completions":177,"huckPercentage":null,"redZonePercentage":null,"holdPercentage":0.5789473684210527,"breakPercentage":0.4090909090909091,"score":-1,"turnovers":35,"blocks":20}