{"gameID":"2015-05-09-IND-CHI","teamID":"alleycats","completionPercentage":0.8254716981132075,"completions":175,"huckPercentage":null,"redZonePercentage":null,"holdPercentage":0.46153846153846156,"breakPercentage":0.4166666666666667,"score":-1,"turnovers":37,"blocks":18}