{"gameID":"2015-05-30-RAL-JAX","teamID":"flyers","completionPercentage":0.9051724137931034,"completions":210,"huckPercentage":null,"redZonePercentage":null,"holdPercentage":0.6206896551724138,"breakPercentage":0.3548387096774194,"score":-1,"turnovers":22,"blocks":13}