{"gameID":"2015-07-11-ROC-DC","teamID":"dragons","completionPercentage":0.9155313351498637,"completions":336,"huckPercentage":null,"redZonePercentage":null,"holdPercentage":0.5172413793103449,"breakPercentage":0.19047619047619047,"score":-1,"turnovers":31,"blocks":13}