{"gameID":"2015-04-25-PHI-NY","teamID":"phoenix","completionPercentage":0.9047619047619048,"completions":266,"huckPercentage":null,"redZonePercentage":null,"holdPercentage":0.41379310344827586,"breakPercentage":0.2631578947368421,"score":-1,"turnovers":28,"blocks":13}