{"gameID":"2015-04-25-PHI-NY","teamID":"empire","completionPercentage":0.9222222222222223,"completions":249,"huckPercentage":null,"redZonePercentage":null,"holdPercentage":0.6842105263157895,"breakPercentage":0.4827586206896552,"score":-1,"turnovers":21,"blocks":16}