{"gameID":"2015-04-19-JAX-CHA","teamID":"express","completionPercentage":0.9078498293515358,"completions":266,"huckPercentage":null,"redZonePercentage":null,"holdPercentage":0.5416666666666666,"breakPercentage":0.2857142857142857,"score":-1,"turnovers":27,"blocks":17}