{"gameID":"2015-06-27-MIN-CIN","teamID":"revolution","completionPercentage":0.9014084507042254,"completions":320,"huckPercentage":null,"redZonePercentage":null,"holdPercentage":0.6086956521739131,"breakPercentage":0.15789473684210525,"score":-1,"turnovers":35,"blocks":15}