{"gameID":"2015-05-09-RAL-ATL","teamID":"hustle","completionPercentage":0.9228295819935691,"completions":287,"huckPercentage":null,"redZonePercentage":null,"holdPercentage":0.6451612903225806,"breakPercentage":0.2903225806451613,"score":-1,"turnovers":24,"blocks":14}