{"gameID":"2015-05-31-PHI-MTL","teamID":"royal","completionPercentage":0.8724279835390947,"completions":212,"huckPercentage":null,"redZonePercentage":null,"holdPercentage":0.6111111111111112,"breakPercentage":0.5185185185185185,"score":-1,"turnovers":31,"blocks":19}