{"gameID":"2015-06-27-NSH-RAL","teamID":"flyers","completionPercentage":0.9087719298245615,"completions":259,"huckPercentage":null,"redZonePercentage":null,"holdPercentage":0.7647058823529411,"breakPercentage":0.3181818181818182,"score":-1,"turnovers":26,"blocks":17}