{"gameID":"2015-05-23-VAN-SEA","teamID":"riptide","completionPercentage":0.9026217228464419,"completions":241,"huckPercentage":null,"redZonePercentage":null,"holdPercentage":0.6666666666666666,"breakPercentage":0.10344827586206896,"score":-1,"turnovers":26,"blocks":6}