{"gameID":"2015-04-25-SEA-VAN","teamID":"riptide","completionPercentage":0.9230769230769231,"completions":264,"huckPercentage":null,"redZonePercentage":null,"holdPercentage":0.7142857142857143,"breakPercentage":0.08333333333333333,"score":-1,"turnovers":22,"blocks":6}