{"gameID":"2015-05-16-CHI-MIN","teamID":"windchill","completionPercentage":0.8990825688073395,"completions":196,"huckPercentage":null,"redZonePercentage":null,"holdPercentage":0.6428571428571429,"breakPercentage":0.21428571428571427,"score":-1,"turnovers":22,"blocks":17}