{"gameID":"2015-06-06-SD-LA","teamID":"growlers","completionPercentage":0.9250936329588015,"completions":247,"huckPercentage":null,"redZonePercentage":null,"holdPercentage":0.6666666666666666,"breakPercentage":0.2727272727272727,"score":-1,"turnovers":20,"blocks":14}