{"gameID":"2015-05-16-LA-VAN","teamID":"riptide","completionPercentage":0.9248366013071896,"completions":283,"huckPercentage":null,"redZonePercentage":null,"holdPercentage":0.6296296296296297,"breakPercentage":0.3448275862068966,"score":-1,"turnovers":23,"blocks":13}}