{"gameID":"2015-07-19-LA-SD","teamID":"growlers","completionPercentage":0.9073359073359073,"completions":235,"huckPercentage":null,"redZonePercentage":null,"holdPercentage":0.5294117647058824,"breakPercentage":0.5217391304347826,"score":-1,"turnovers":24,"blocks":19}