{"gameID":"2015-07-25-NY-TOR","teamID":"rush","completionPercentage":0.8739495798319328,"completions":208,"huckPercentage":null,"redZonePercentage":null,"holdPercentage":0.5714285714285714,"breakPercentage":0.48148148148148145,"score":-1,"turnovers":30,"blocks":19}