{"gameID":"2015-04-12-MTL-NY","teamID":"empire","completionPercentage":0.9348534201954397,"completions":287,"huckPercentage":null,"redZonePercentage":null,"holdPercentage":0.6818181818181818,"breakPercentage":0.2916666666666667,"score":-1,"turnovers":20,"blocks":13}