{"gameID":"2015-06-27-CHI-DET","teamID":"mechanix","completionPercentage":0.8095238095238095,"completions":187,"huckPercentage":null,"redZonePercentage":null,"holdPercentage":0.4166666666666667,"breakPercentage":0.07692307692307693,"score":-1,"turnovers":44,"blocks":11}