{"gameID":"2015-05-23-NY-MTL","teamID":"empire","completionPercentage":0.8712871287128713,"completions":264,"huckPercentage":null,"redZonePercentage":null,"holdPercentage":0.5454545454545454,"breakPercentage":0.2631578947368421,"score":-1,"turnovers":39,"blocks":14}