{"gameID":"2015-07-19-DET-CHI","teamID":"union","completionPercentage":0.9169329073482428,"completions":287,"huckPercentage":null,"redZonePercentage":null,"holdPercentage":0.8571428571428571,"breakPercentage":0.5333333333333333,"score":-1,"turnovers":26,"blocks":19}