{"gameID":"2015-07-12-ROC-PHI","teamID":"dragons","completionPercentage":0.9485294117647058,"completions":387,"huckPercentage":null,"redZonePercentage":null,"holdPercentage":0.4642857142857143,"breakPercentage":0.16666666666666666,"score":-1,"turnovers":21,"blocks":6}