{"gameID":"2016-05-07-TOR-MTL","teamID":"royal","completionPercentage":0.8863636363636364,"completions":234,"huckPercentage":null,"redZonePercentage":null,"holdPercentage":0.5517241379310345,"breakPercentage":0.45454545454545453,"score":-1,"turnovers":30,"blocks":22}