{"gameID":"2016-04-23-ATL-CHA","teamID":"hustle","completionPercentage":0.9426751592356688,"completions":296,"huckPercentage":null,"redZonePercentage":null,"holdPercentage":0.7619047619047619,"breakPercentage":0.3076923076923077,"score":-1,"turnovers":18,"blocks":11}