{"gameID":"2016-05-21-SJ-VAN","teamID":"spiders","completionPercentage":0.8825910931174089,"completions":218,"huckPercentage":null,"redZonePercentage":null,"holdPercentage":0.7083333333333334,"breakPercentage":0.13636363636363635,"score":-1,"turnovers":29,"blocks":15}