{"gameID":"2016-04-03-SF-LA","teamID":"aviators","completionPercentage":0.8775510204081632,"completions":258,"huckPercentage":null,"redZonePercentage":null,"holdPercentage":0.42857142857142855,"breakPercentage":0.3684210526315789,"score":-1,"turnovers":36,"blocks":18}":19}