{"gameID":"2016-04-02-NSH-ATL","teamID":"hustle","completionPercentage":0.9115384615384615,"completions":237,"huckPercentage":null,"redZonePercentage":null,"holdPercentage":0.7777777777777778,"breakPercentage":0.42857142857142855,"score":-1,"turnovers":23,"blocks":16}:11}