{"gameID":"2016-06-11-SEA-VAN","teamID":"riptide","completionPercentage":0.9305019305019305,"completions":241,"huckPercentage":null,"redZonePercentage":null,"holdPercentage":0.6923076923076923,"breakPercentage":0.3103448275862069,"score":-1,"turnovers":18,"blocks":12}