{"gameID":"2016-06-25-SD-SJ","teamID":"growlers","completionPercentage":0.8884615384615384,"completions":231,"huckPercentage":null,"redZonePercentage":null,"holdPercentage":0.5769230769230769,"breakPercentage":0.2608695652173913,"score":-1,"turnovers":29,"blocks":12}