{"gameID":"2016-04-30-SEA-SD","teamID":"cascades","completionPercentage":0.9243697478991597,"completions":220,"huckPercentage":null,"redZonePercentage":null,"holdPercentage":0.8333333333333334,"breakPercentage":0.37037037037037035,"score":-1,"turnovers":18,"blocks":11}