{"gameID":"2016-05-06-MTL-OTT","teamID":"royal","completionPercentage":0.8222222222222222,"completions":148,"huckPercentage":null,"redZonePercentage":null,"holdPercentage":0.5757575757575758,"breakPercentage":0.19230769230769232,"score":-1,"turnovers":32,"blocks":14}