{"gameID":"2016-06-18-CHA-JAX","teamID":"express","completionPercentage":0.8978723404255319,"completions":211,"huckPercentage":null,"redZonePercentage":null,"holdPercentage":0.4583333333333333,"breakPercentage":0.38095238095238093,"score":-1,"turnovers":24,"blocks":16}