{"gameID":"2016-07-10-PHI-MTL","teamID":"royal","completionPercentage":0.9202898550724637,"completions":254,"huckPercentage":null,"redZonePercentage":null,"holdPercentage":0.8571428571428571,"breakPercentage":0.32142857142857145,"score":-1,"turnovers":22,"blocks":16}}