{"gameID":"2016-04-23-JAX-DAL","teamID":"legion","completionPercentage":0.8974358974358975,"completions":210,"huckPercentage":null,"redZonePercentage":null,"holdPercentage":0.8947368421052632,"breakPercentage":0.4411764705882353,"score":-1,"turnovers":24,"blocks":22}