{"gameID":"2016-04-17-AUS-RAL","teamID":"flyers","completionPercentage":0.920863309352518,"completions":256,"huckPercentage":null,"redZonePercentage":null,"holdPercentage":0.8275862068965517,"breakPercentage":0.13333333333333333,"score":-1,"turnovers":22,"blocks":15}