{"gameID":"2016-06-11-RAL-CHA","teamID":"flyers","completionPercentage":0.9388379204892966,"completions":307,"huckPercentage":null,"redZonePercentage":null,"holdPercentage":0.782608695652174,"breakPercentage":0.3548387096774194,"score":-1,"turnovers":20,"blocks":15}12}