{"gameID":"2016-04-09-JAX-RAL","teamID":"flyers","completionPercentage":0.894927536231884,"completions":247,"huckPercentage":null,"redZonePercentage":null,"holdPercentage":0.6666666666666666,"breakPercentage":0.38461538461538464,"score":-1,"turnovers":29,"blocks":24}