{"gameID":"2016-07-02-CIN-MIN","teamID":"windchill","completionPercentage":0.9166666666666666,"completions":308,"huckPercentage":null,"redZonePercentage":null,"holdPercentage":0.782608695652174,"breakPercentage":0.3333333333333333,"score":-1,"turnovers":28,"blocks":20}14}