{"gameID":"2016-04-17-MTL-NY","teamID":"empire","completionPercentage":0.9187279151943463,"completions":260,"huckPercentage":null,"redZonePercentage":null,"holdPercentage":0.6190476190476191,"breakPercentage":0.34782608695652173,"score":-1,"turnovers":23,"blocks":13}