{"gameID":"2016-04-09-OTT-NY","teamID":"outlaws","completionPercentage":0.9204892966360856,"completions":301,"huckPercentage":null,"redZonePercentage":null,"holdPercentage":0.6153846153846154,"breakPercentage":0.14285714285714285,"score":-1,"turnovers":26,"blocks":7}