{"gameID":"2016-07-10-MIN-DET","teamID":"windchill","completionPercentage":0.9068825910931174,"completions":224,"huckPercentage":null,"redZonePercentage":null,"holdPercentage":0.5714285714285714,"breakPercentage":0.36363636363636365,"score":-1,"turnovers":23,"blocks":17}