{"gameID":"2016-06-10-DET-MIN","teamID":"windchill","completionPercentage":0.9318801089918256,"completions":342,"huckPercentage":null,"redZonePercentage":null,"holdPercentage":0.6333333333333333,"breakPercentage":0.36363636363636365,"score":-1,"turnovers":25,"blocks":23}