{"gameID":"2016-04-16-NSH-JAX","teamID":"nightwatch","completionPercentage":0.8362068965517241,"completions":194,"huckPercentage":null,"redZonePercentage":null,"holdPercentage":0.6060606060606061,"breakPercentage":0.08333333333333333,"score":-1,"turnovers":38,"blocks":12}