{"gameID":"2016-05-22-NSH-DAL","teamID":"legion","completionPercentage":0.9203187250996016,"completions":231,"huckPercentage":null,"redZonePercentage":null,"holdPercentage":0.9411764705882353,"breakPercentage":0.4857142857142857,"score":-1,"turnovers":20,"blocks":18}