{"gameID":"2016-04-02-SF-SD","teamID":"growlers","completionPercentage":0.930635838150289,"completions":322,"huckPercentage":null,"redZonePercentage":null,"holdPercentage":0.6296296296296297,"breakPercentage":0.23076923076923078,"score":-1,"turnovers":24,"blocks":12}s":15}