{"gameID":"2016-08-06-SEA-MAD","teamID":"radicals","completionPercentage":0.9385964912280702,"completions":321,"huckPercentage":null,"redZonePercentage":null,"holdPercentage":0.6428571428571429,"breakPercentage":0.25925925925925924,"score":-1,"turnovers":21,"blocks":11}