{"gameID":"2016-04-16-MTL-PHI","teamID":"royal","completionPercentage":0.9098712446351931,"completions":212,"huckPercentage":null,"redZonePercentage":null,"holdPercentage":0.8421052631578947,"breakPercentage":0.32142857142857145,"score":-1,"turnovers":21,"blocks":21}