{"gameID":"2016-04-09-MIN-MAD","teamID":"windchill","completionPercentage":0.8717201166180758,"completions":299,"huckPercentage":null,"redZonePercentage":null,"holdPercentage":0.3333333333333333,"breakPercentage":0.15384615384615385,"score":-1,"turnovers":44,"blocks":11}