{"gameID":"2016-06-17-MAD-MIN","teamID":"radicals","completionPercentage":0.8807339449541285,"completions":192,"huckPercentage":null,"redZonePercentage":null,"holdPercentage":0.6666666666666666,"breakPercentage":0.48148148148148145,"score":-1,"turnovers":26,"blocks":16}