{"gameID":"2016-07-02-CHA-NSH","teamID":"express","completionPercentage":0.8776371308016878,"completions":208,"huckPercentage":null,"redZonePercentage":null,"holdPercentage":0.5238095238095238,"breakPercentage":0.23529411764705882,"score":-1,"turnovers":29,"blocks":9}:15}