{"gameID":"2016-04-09-OTT-NY","teamID":"empire","completionPercentage":0.9291044776119403,"completions":249,"huckPercentage":null,"redZonePercentage":null,"holdPercentage":0.7142857142857143,"breakPercentage":0.34615384615384615,"score":-1,"turnovers":19,"blocks":12}