{"gameID":"2016-06-11-OTT-MTL","teamID":"royal","completionPercentage":0.9114391143911439,"completions":247,"huckPercentage":null,"redZonePercentage":null,"holdPercentage":0.6818181818181818,"breakPercentage":0.2608695652173913,"score":-1,"turnovers":24,"blocks":12}