{"gameID":"2016-05-01-SEA-LA","teamID":"aviators","completionPercentage":0.8966666666666666,"completions":269,"huckPercentage":null,"redZonePercentage":null,"holdPercentage":0.4642857142857143,"breakPercentage":0.21052631578947367,"score":-1,"turnovers":31,"blocks":10}