{"gameID":"2016-05-28-DAL-ATL","teamID":"legion","completionPercentage":0.9153846153846154,"completions":238,"huckPercentage":null,"redZonePercentage":null,"holdPercentage":0.7727272727272727,"breakPercentage":0.32142857142857145,"score":-1,"turnovers":22,"blocks":16}