{"gameID":"2016-04-16-AUS-CHA","teamID":"sol","completionPercentage":0.9243421052631579,"completions":281,"huckPercentage":null,"redZonePercentage":null,"holdPercentage":0.5652173913043478,"breakPercentage":0.3181818181818182,"score":-1,"turnovers":23,"blocks":12}