{"gameID":"2016-06-19-ATL-DAL","teamID":"legion","completionPercentage":0.9478260869565217,"completions":327,"huckPercentage":null,"redZonePercentage":null,"holdPercentage":0.7391304347826086,"breakPercentage":0.42424242424242425,"score":-1,"turnovers":18,"blocks":17}