{"gameID":"2016-06-05-DET-CHI","teamID":"union","completionPercentage":0.8018018018018018,"completions":178,"huckPercentage":null,"redZonePercentage":null,"holdPercentage":0.5263157894736842,"breakPercentage":0.29411764705882354,"score":-1,"turnovers":44,"blocks":18}