{"gameID":"2016-05-28-LA-SEA","teamID":"aviators","completionPercentage":0.9348534201954397,"completions":287,"huckPercentage":null,"redZonePercentage":null,"holdPercentage":0.5862068965517241,"breakPercentage":0.32142857142857145,"score":-1,"turnovers":20,"blocks":10}