{"gameID":"2016-07-02-DAL-AUS","teamID":"legion","completionPercentage":0.8764044943820225,"completions":234,"huckPercentage":null,"redZonePercentage":null,"holdPercentage":0.6666666666666666,"breakPercentage":0.35714285714285715,"score":-1,"turnovers":33,"blocks":20}