{"gameID":"2016-04-23-JAX-DAL","teamID":"cannons","completionPercentage":0.842741935483871,"completions":209,"huckPercentage":null,"redZonePercentage":null,"holdPercentage":0.47058823529411764,"breakPercentage":0.05263157894736842,"score":-1,"turnovers":39,"blocks":5}