{"gameID":"2016-07-10-JAX-ATL","teamID":"cannons","completionPercentage":0.9372937293729373,"completions":284,"huckPercentage":null,"redZonePercentage":null,"holdPercentage":0.6896551724137931,"breakPercentage":0.21428571428571427,"score":-1,"turnovers":19,"blocks":12}