{"gameID":"2016-04-23-CIN-CHI","teamID":"union","completionPercentage":0.9318181818181818,"completions":287,"huckPercentage":null,"redZonePercentage":null,"holdPercentage":0.7619047619047619,"breakPercentage":0.3793103448275862,"score":-1,"turnovers":21,"blocks":19}