{"gameID":"2016-06-12-PHI-OTT","teamID":"outlaws","completionPercentage":0.8414096916299559,"completions":191,"huckPercentage":null,"redZonePercentage":null,"holdPercentage":0.7333333333333333,"breakPercentage":0.5185185185185185,"score":-1,"turnovers":36,"blocks":19}