{"gameID":"2016-07-09-VAN-SEA","teamID":"riptide","completionPercentage":0.9177215189873418,"completions":290,"huckPercentage":null,"redZonePercentage":null,"holdPercentage":0.6060606060606061,"breakPercentage":0.2413793103448276,"score":-1,"turnovers":26,"blocks":16}