{"gameID":"2016-06-11-DAL-JAX","teamID":"legion","completionPercentage":0.9393939393939394,"completions":248,"huckPercentage":null,"redZonePercentage":null,"holdPercentage":0.782608695652174,"breakPercentage":0.3103448275862069,"score":-1,"turnovers":16,"blocks":17}9}