{"gameID":"2016-07-01-ATL-RAL","teamID":"flyers","completionPercentage":0.9389830508474576,"completions":277,"huckPercentage":null,"redZonePercentage":null,"holdPercentage":0.7391304347826086,"breakPercentage":0.3548387096774194,"score":-1,"turnovers":18,"blocks":17}