{"gameID":"2016-06-11-NY-DC","teamID":"breeze","completionPercentage":0.9365558912386707,"completions":310,"huckPercentage":null,"redZonePercentage":null,"holdPercentage":0.5862068965517241,"breakPercentage":0.3333333333333333,"score":-1,"turnovers":21,"blocks":13}