{"gameID":"2016-06-18-VAN-LA","teamID":"aviators","completionPercentage":0.9536231884057971,"completions":329,"huckPercentage":null,"redZonePercentage":null,"holdPercentage":0.8461538461538461,"breakPercentage":0.2727272727272727,"score":-1,"turnovers":16,"blocks":12}