{"gameID":"2016-05-06-SJ-SF","teamID":"spiders","completionPercentage":0.9135338345864662,"completions":243,"huckPercentage":null,"redZonePercentage":null,"holdPercentage":0.5882352941176471,"breakPercentage":0.18518518518518517,"score":-1,"turnovers":23,"blocks":9}ks":14}