{"gameID":"2016-06-25-MAD-CHI","teamID":"union","completionPercentage":0.9292237442922374,"completions":407,"huckPercentage":null,"redZonePercentage":null,"holdPercentage":0.391304347826087,"breakPercentage":0.08333333333333333,"score":-1,"turnovers":31,"blocks":8}16}