{"gameID":"2016-06-19-PHI-NY","teamID":"empire","completionPercentage":0.9136690647482014,"completions":254,"huckPercentage":null,"redZonePercentage":null,"holdPercentage":0.7333333333333333,"breakPercentage":0.5666666666666667,"score":-1,"turnovers":24,"blocks":20}