{"gameID":"2016-05-28-DAL-ATL","teamID":"hustle","completionPercentage":0.9032258064516129,"completions":252,"huckPercentage":null,"redZonePercentage":null,"holdPercentage":0.5714285714285714,"breakPercentage":0.18181818181818182,"score":-1,"turnovers":27,"blocks":16}