{"gameID":"2016-04-16-LA-SD","teamID":"aviators","completionPercentage":0.9215116279069767,"completions":317,"huckPercentage":null,"redZonePercentage":null,"holdPercentage":0.5238095238095238,"breakPercentage":0.3157894736842105,"score":-1,"turnovers":27,"blocks":12}