{"gameID":"2016-05-14-RAL-JAX","teamID":"flyers","completionPercentage":0.8870967741935484,"completions":220,"huckPercentage":null,"redZonePercentage":null,"holdPercentage":0.6071428571428571,"breakPercentage":0.25925925925925924,"score":-1,"turnovers":28,"blocks":14}