{"gameID":"2016-04-02-VAN-SEA","teamID":"riptide","completionPercentage":0.8849206349206349,"completions":223,"huckPercentage":null,"redZonePercentage":null,"holdPercentage":0.5185185185185185,"breakPercentage":0.30434782608695654,"score":-1,"turnovers":29,"blocks":12}