{"gameID":"2016-05-20-SJ-SEA","teamID":"spiders","completionPercentage":0.8809523809523809,"completions":222,"huckPercentage":null,"redZonePercentage":null,"holdPercentage":0.4482758620689655,"breakPercentage":0.21052631578947367,"score":-1,"turnovers":30,"blocks":12}