{"gameID":"2016-06-05-TOR-NY","teamID":"empire","completionPercentage":0.9037037037037037,"completions":244,"huckPercentage":null,"redZonePercentage":null,"holdPercentage":0.5517241379310345,"breakPercentage":0.21739130434782608,"score":-1,"turnovers":26,"blocks":11}