{"gameID":"2016-06-05-TOR-NY","teamID":"rush","completionPercentage":0.927797833935018,"completions":257,"huckPercentage":null,"redZonePercentage":null,"holdPercentage":0.6521739130434783,"breakPercentage":0.41379310344827586,"score":-1,"turnovers":20,"blocks":15}