{"gameID":"2016-04-23-ATL-CHA","teamID":"express","completionPercentage":0.9056603773584906,"completions":240,"huckPercentage":null,"redZonePercentage":null,"holdPercentage":0.6923076923076923,"breakPercentage":0.047619047619047616,"score":-1,"turnovers":25,"blocks":13}