{"gameID":"2016-05-15-NY-MTL","teamID":"empire","completionPercentage":0.7890295358649789,"completions":187,"huckPercentage":null,"redZonePercentage":null,"holdPercentage":0.7142857142857143,"breakPercentage":0.3684210526315789,"score":-1,"turnovers":50,"blocks":20}}