{"gameID":"2016-07-02-SJ-SD","teamID":"growlers","completionPercentage":0.9587912087912088,"completions":349,"huckPercentage":null,"redZonePercentage":null,"holdPercentage":0.8695652173913043,"breakPercentage":0.35294117647058826,"score":-1,"turnovers":15,"blocks":18}