{"gameID":"2016-04-08-SEA-SJ","teamID":"cascades","completionPercentage":0.9253731343283582,"completions":248,"huckPercentage":null,"redZonePercentage":null,"holdPercentage":0.6428571428571429,"breakPercentage":0.25925925925925924,"score":-1,"turnovers":20,"blocks":10}