{"gameID":"2016-05-27-MIN-MAD","teamID":"windchill","completionPercentage":0.9055690072639225,"completions":374,"huckPercentage":null,"redZonePercentage":null,"holdPercentage":0.34210526315789475,"breakPercentage":0.11764705882352941,"score":-1,"turnovers":39,"blocks":10}