{"gameID":"2016-05-01-OTT-TOR","teamID":"outlaws","completionPercentage":0.8513011152416357,"completions":229,"huckPercentage":null,"redZonePercentage":null,"holdPercentage":0.4117647058823529,"breakPercentage":0.058823529411764705,"score":-1,"turnovers":40,"blocks":11}