{"gameID":"2016-04-02-DET-CIN","teamID":"revolution","completionPercentage":0.6054054054054054,"completions":112,"huckPercentage":null,"redZonePercentage":null,"holdPercentage":0.6470588235294118,"breakPercentage":0.07142857142857142,"score":-1,"turnovers":73,"blocks":23}