{"gameID":"2016-05-06-MTL-OTT","teamID":"outlaws","completionPercentage":0.9279778393351801,"completions":335,"huckPercentage":null,"redZonePercentage":null,"holdPercentage":0.7307692307692307,"breakPercentage":0.36363636363636365,"score":-1,"turnovers":26,"blocks":20}