{"gameID":"2016-07-02-NY-OTT","teamID":"outlaws","completionPercentage":0.8440366972477065,"completions":184,"huckPercentage":null,"redZonePercentage":null,"holdPercentage":0.6666666666666666,"breakPercentage":0.38461538461538464,"score":-1,"turnovers":34,"blocks":17}