{"gameID":"2016-05-07-CHA-NSH","teamID":"express","completionPercentage":0.9285714285714286,"completions":299,"huckPercentage":null,"redZonePercentage":null,"holdPercentage":0.7692307692307693,"breakPercentage":0.21428571428571427,"score":-1,"turnovers":23,"blocks":13}