{"gameID":"2016-05-21-ATL-JAX","teamID":"cannons","completionPercentage":0.9314079422382672,"completions":258,"huckPercentage":null,"redZonePercentage":null,"holdPercentage":0.8076923076923077,"breakPercentage":0.25806451612903225,"score":-1,"turnovers":19,"blocks":17}