{"gameID":"2016-06-11-DAL-JAX","teamID":"cannons","completionPercentage":0.9130434782608695,"completions":231,"huckPercentage":null,"redZonePercentage":null,"holdPercentage":0.6206896551724138,"breakPercentage":0.13043478260869565,"score":-1,"turnovers":22,"blocks":9}