{"gameID":"2016-05-28-JAX-RAL","teamID":"cannons","completionPercentage":0.9280575539568345,"completions":258,"huckPercentage":null,"redZonePercentage":null,"holdPercentage":0.6296296296296297,"breakPercentage":0.2692307692307692,"score":-1,"turnovers":20,"blocks":11}