{"gameID":"2016-06-04-SF-VAN","teamID":"riptide","completionPercentage":0.9295302013422819,"completions":277,"huckPercentage":null,"redZonePercentage":null,"holdPercentage":0.6896551724137931,"breakPercentage":0.2903225806451613,"score":-1,"turnovers":21,"blocks":13}