{"gameID":"2016-04-09-SD-LA","teamID":"growlers","completionPercentage":0.929368029739777,"completions":250,"huckPercentage":null,"redZonePercentage":null,"holdPercentage":0.5217391304347826,"breakPercentage":0.36363636363636365,"score":-1,"turnovers":19,"blocks":10}