{"gameID":"2016-06-26-MAD-CIN","teamID":"radicals","completionPercentage":0.8899082568807339,"completions":194,"huckPercentage":null,"redZonePercentage":null,"holdPercentage":0.7916666666666666,"breakPercentage":0.2222222222222222,"score":-1,"turnovers":24,"blocks":15}13}