{"gameID":"2016-06-04-NY-PHI","teamID":"phoenix","completionPercentage":0.914364640883978,"completions":331,"huckPercentage":null,"redZonePercentage":null,"holdPercentage":0.4411764705882353,"breakPercentage":0.10526315789473684,"score":-1,"turnovers":31,"blocks":10}