{"gameID":"2016-05-28-TOR-OTT","teamID":"rush","completionPercentage":0.9132231404958677,"completions":221,"huckPercentage":null,"redZonePercentage":null,"holdPercentage":0.9523809523809523,"breakPercentage":0.42857142857142855,"score":-1,"turnovers":21,"blocks":18}