{"gameID":"2016-06-05-SF-SEA","teamID":"cascades","completionPercentage":0.5490196078431373,"completions":28,"huckPercentage":null,"redZonePercentage":null,"holdPercentage":0.7407407407407407,"breakPercentage":0.26666666666666666,"score":-1,"turnovers":23,"blocks":15}