{"gameID":"2016-06-18-CHI-CIN","teamID":"revolution","completionPercentage":0.8993288590604027,"completions":268,"huckPercentage":null,"redZonePercentage":null,"holdPercentage":0.6666666666666666,"breakPercentage":0.23333333333333334,"score":-1,"turnovers":30,"blocks":12}