{"gameID":"2016-04-10-OTT-DC","teamID":"outlaws","completionPercentage":0.8705035971223022,"completions":242,"huckPercentage":null,"redZonePercentage":null,"holdPercentage":0.43333333333333335,"breakPercentage":0.21052631578947367,"score":-1,"turnovers":36,"blocks":12}