{"gameID":"2016-06-04-SJ-LA","teamID":"spiders","completionPercentage":0.9355932203389831,"completions":276,"huckPercentage":null,"redZonePercentage":null,"holdPercentage":0.6206896551724138,"breakPercentage":0.23076923076923078,"score":-1,"turnovers":19,"blocks":10}