{"gameID":"2016-06-18-VAN-LA","teamID":"riptide","completionPercentage":0.9069767441860465,"completions":234,"huckPercentage":null,"redZonePercentage":null,"holdPercentage":0.6363636363636364,"breakPercentage":0.11538461538461539,"score":-1,"turnovers":24,"blocks":11}