{"gameID":"2016-06-05-SJ-SD","teamID":"spiders","completionPercentage":0.937125748502994,"completions":313,"huckPercentage":null,"redZonePercentage":null,"holdPercentage":0.6666666666666666,"breakPercentage":0.35714285714285715,"score":-1,"turnovers":21,"blocks":14}