{"gameID":"2016-05-28-IND-CHI","teamID":"union","completionPercentage":0.9364161849710982,"completions":324,"huckPercentage":null,"redZonePercentage":null,"holdPercentage":0.5263157894736842,"breakPercentage":0.42857142857142855,"score":-1,"turnovers":22,"blocks":10}