{"gameID":"2016-05-21-ATL-JAX","teamID":"hustle","completionPercentage":0.8991935483870968,"completions":223,"huckPercentage":null,"redZonePercentage":null,"holdPercentage":0.6774193548387096,"breakPercentage":0.11538461538461539,"score":-1,"turnovers":25,"blocks":9}