{"gameID":"2016-08-06-TOR-DAL","teamID":"rush","completionPercentage":0.8699186991869918,"completions":214,"huckPercentage":null,"redZonePercentage":null,"holdPercentage":0.5517241379310345,"breakPercentage":0.18181818181818182,"score":-1,"turnovers":32,"blocks":12}