{"gameID":"2016-04-10-MIN-CHI","teamID":"union","completionPercentage":0.8706896551724138,"completions":303,"huckPercentage":null,"redZonePercentage":null,"holdPercentage":0.5263157894736842,"breakPercentage":0.07692307692307693,"score":-1,"turnovers":45,"blocks":17}