{"gameID":"2016-05-28-TOR-OTT","teamID":"outlaws","completionPercentage":0.8791946308724832,"completions":262,"huckPercentage":null,"redZonePercentage":null,"holdPercentage":0.5135135135135135,"breakPercentage":0.045454545454545456,"score":-1,"turnovers":36,"blocks":7}