{"gameID":"2016-05-28-CIN-DET","teamID":"mechanix","completionPercentage":0.9137931034482759,"completions":265,"huckPercentage":null,"redZonePercentage":null,"holdPercentage":0.9047619047619048,"breakPercentage":0.15384615384615385,"score":-1,"turnovers":25,"blocks":13}