{"gameID":"2016-06-26-LA-SEA","teamID":"aviators","completionPercentage":0.9025270758122743,"completions":250,"huckPercentage":null,"redZonePercentage":null,"holdPercentage":0.6666666666666666,"breakPercentage":0.4166666666666667,"score":-1,"turnovers":27,"blocks":19}