{"gameID":"2016-06-11-DET-MAD","teamID":"radicals","completionPercentage":0.9442379182156134,"completions":254,"huckPercentage":null,"redZonePercentage":null,"holdPercentage":0.8571428571428571,"breakPercentage":0.48717948717948717,"score":-1,"turnovers":15,"blocks":19}