{"gameID":"2016-06-04-SJ-LA","teamID":"aviators","completionPercentage":0.9363295880149812,"completions":250,"huckPercentage":null,"redZonePercentage":null,"holdPercentage":0.7307692307692307,"breakPercentage":0.27586206896551724,"score":-1,"turnovers":17,"blocks":8}