{"gameID":"2016-06-19-CHI-IND","teamID":"union","completionPercentage":0.8859649122807017,"completions":303,"huckPercentage":null,"redZonePercentage":null,"holdPercentage":0.45161290322580644,"breakPercentage":0.15789473684210525,"score":-1,"turnovers":39,"blocks":13}