{"gameID":"2016-06-25-PHI-DC","teamID":"breeze","completionPercentage":0.9087301587301587,"completions":229,"huckPercentage":null,"redZonePercentage":null,"holdPercentage":0.7777777777777778,"breakPercentage":0.4482758620689655,"score":-1,"turnovers":23,"blocks":11}2}