{"gameID":"2016-07-03-NY-TOR","teamID":"rush","completionPercentage":0.9370629370629371,"completions":268,"huckPercentage":null,"redZonePercentage":null,"holdPercentage":0.5217391304347826,"breakPercentage":0.4166666666666667,"score":-1,"turnovers":18,"blocks":16}