{"gameID":"2016-06-17-MAD-MIN","teamID":"windchill","completionPercentage":0.9311064718162839,"completions":446,"huckPercentage":null,"redZonePercentage":null,"holdPercentage":0.37037037037037035,"breakPercentage":0.3333333333333333,"score":-1,"turnovers":33,"blocks":17}