{"gameID":"2016-07-23-PIT-MAD","teamID":"radicals","completionPercentage":0.8733031674208145,"completions":193,"huckPercentage":null,"redZonePercentage":null,"holdPercentage":0.6111111111111112,"breakPercentage":0.4090909090909091,"score":-1,"turnovers":28,"blocks":19}":11}