{"gameID":"2016-06-11-LA-SJ","teamID":"aviators","completionPercentage":0.9143835616438356,"completions":267,"huckPercentage":null,"redZonePercentage":null,"holdPercentage":0.6206896551724138,"breakPercentage":0.25925925925925924,"score":-1,"turnovers":25,"blocks":14}