{"gameID":"2016-05-14-SEA-SJ","teamID":"cascades","completionPercentage":0.9228571428571428,"completions":323,"huckPercentage":null,"redZonePercentage":null,"holdPercentage":0.6785714285714286,"breakPercentage":0.27586206896551724,"score":-1,"turnovers":27,"blocks":12}