{"gameID":"2016-05-07-SD-VAN","teamID":"growlers","completionPercentage":0.9248366013071896,"completions":283,"huckPercentage":null,"redZonePercentage":null,"holdPercentage":0.6206896551724138,"breakPercentage":0.047619047619047616,"score":-1,"turnovers":23,"blocks":11}