{"gameID":"2016-04-23-DET-PIT","teamID":"mechanix","completionPercentage":0.8818897637795275,"completions":224,"huckPercentage":null,"redZonePercentage":null,"holdPercentage":0.42857142857142855,"breakPercentage":0.2222222222222222,"score":-1,"turnovers":30,"blocks":13}