{"gameID":"2016-04-30-MIN-IND","teamID":"windchill","completionPercentage":0.9345549738219895,"completions":357,"huckPercentage":null,"redZonePercentage":null,"holdPercentage":0.6363636363636364,"breakPercentage":0.30434782608695654,"score":-1,"turnovers":25,"blocks":19}