{"gameID":"2016-06-18-SF-SJ","teamID":"spiders","completionPercentage":0.9298892988929889,"completions":252,"huckPercentage":null,"redZonePercentage":null,"holdPercentage":0.6296296296296297,"breakPercentage":0.2692307692307692,"score":-1,"turnovers":19,"blocks":12}