{"gameID":"2016-06-11-OTT-MTL","teamID":"outlaws","completionPercentage":0.9042145593869731,"completions":236,"huckPercentage":null,"redZonePercentage":null,"holdPercentage":0.6521739130434783,"breakPercentage":0.22727272727272727,"score":-1,"turnovers":25,"blocks":12}