{"gameID":"2016-05-21-NSH-AUS","teamID":"sol","completionPercentage":0.9318181818181818,"completions":287,"huckPercentage":null,"redZonePercentage":null,"holdPercentage":0.7777777777777778,"breakPercentage":0.41025641025641024,"score":-1,"turnovers":21,"blocks":15}