{"gameID":"2016-04-16-MAD-IND","teamID":"alleycats","completionPercentage":0.8982456140350877,"completions":256,"huckPercentage":null,"redZonePercentage":null,"holdPercentage":0.5882352941176471,"breakPercentage":0.18518518518518517,"score":-1,"turnovers":29,"blocks":14}