{"gameID":"2016-05-15-NY-MTL","teamID":"royal","completionPercentage":0.7389162561576355,"completions":150,"huckPercentage":null,"redZonePercentage":null,"holdPercentage":0.47368421052631576,"breakPercentage":0.21428571428571427,"score":-1,"turnovers":53,"blocks":25}