{"gameID":"2016-07-16-NY-DC","teamID":"empire","completionPercentage":0.9068825910931174,"completions":224,"huckPercentage":null,"redZonePercentage":null,"holdPercentage":0.5769230769230769,"breakPercentage":0.22727272727272727,"score":-1,"turnovers":23,"blocks":10}