{"gameID":"2016-05-21-DET-IND","teamID":"mechanix","completionPercentage":0.9022801302931596,"completions":277,"huckPercentage":null,"redZonePercentage":null,"holdPercentage":0.5806451612903226,"breakPercentage":0.23076923076923078,"score":-1,"turnovers":30,"blocks":10}