{"gameID":"2016-06-26-NSH-RAL","teamID":"nightwatch","completionPercentage":0.9177215189873418,"completions":290,"huckPercentage":null,"redZonePercentage":null,"holdPercentage":0.5333333333333333,"breakPercentage":0.14285714285714285,"score":-1,"turnovers":26,"blocks":11}