{"gameID":"2016-06-11-RAL-CHA","teamID":"express","completionPercentage":0.9041095890410958,"completions":264,"huckPercentage":null,"redZonePercentage":null,"holdPercentage":0.5483870967741935,"breakPercentage":0.17391304347826086,"score":-1,"turnovers":28,"blocks":12}