{"gameID":"2017-06-10-SEA-LA","teamID":"aviators","completionPercentage":0.9493670886075949,"completions":300,"huckPercentage":null,"redZonePercentage":null,"holdPercentage":0.7272727272727273,"breakPercentage":0.3333333333333333,"score":-1,"turnovers":16,"blocks":12}