{"gameID":"2017-06-04-SD-SEA","teamID":"growlers","completionPercentage":0.9380804953560371,"completions":303,"huckPercentage":null,"redZonePercentage":null,"holdPercentage":0.6666666666666666,"breakPercentage":0.3333333333333333,"score":-1,"turnovers":20,"blocks":14}