{"gameID":"2017-06-03-DC-PHI","teamID":"breeze","completionPercentage":0.9255663430420712,"completions":286,"huckPercentage":null,"redZonePercentage":null,"holdPercentage":0.7083333333333334,"breakPercentage":0.17391304347826086,"score":-1,"turnovers":23,"blocks":10}