{"gameID":"2017-06-04-AUS-ATL","teamID":"sol","completionPercentage":0.9115384615384615,"completions":237,"huckPercentage":null,"redZonePercentage":null,"holdPercentage":0.6551724137931034,"breakPercentage":0.19230769230769232,"score":-1,"turnovers":23,"blocks":4}