{"gameID":"2017-07-02-NY-OTT","teamID":"empire","completionPercentage":0.8916256157635468,"completions":181,"huckPercentage":null,"redZonePercentage":null,"holdPercentage":0.6190476190476191,"breakPercentage":0.3181818181818182,"score":-1,"turnovers":22,"blocks":15}