{"gameID":"2017-05-27-DC-NY","teamID":"breeze","completionPercentage":0.9656357388316151,"completions":281,"huckPercentage":null,"redZonePercentage":null,"holdPercentage":0.7777777777777778,"breakPercentage":0.23333333333333334,"score":-1,"turnovers":10,"blocks":6}