{"gameID":"2017-07-22-PIT-MIN","teamID":"thunderbirds","completionPercentage":0.8407079646017699,"completions":190,"huckPercentage":null,"redZonePercentage":null,"holdPercentage":0.42857142857142855,"breakPercentage":0.26666666666666666,"score":-1,"turnovers":36,"blocks":14}