{"gameID":"2017-04-30-DAL-ATL","teamID":"hustle","completionPercentage":0.8939393939393939,"completions":236,"huckPercentage":null,"redZonePercentage":null,"holdPercentage":0.6129032258064516,"breakPercentage":0.19230769230769232,"score":-1,"turnovers":28,"blocks":10}