{"gameID":"2017-07-01-NY-MTL","teamID":"empire","completionPercentage":0.8518518518518519,"completions":184,"huckPercentage":null,"redZonePercentage":null,"holdPercentage":0.5161290322580645,"breakPercentage":0.18181818181818182,"score":-1,"turnovers":32,"blocks":13}