{"gameID":"2017-05-20-ATL-AUS","teamID":"hustle","completionPercentage":0.9409448818897638,"completions":239,"huckPercentage":null,"redZonePercentage":null,"holdPercentage":0.7241379310344828,"breakPercentage":0.23333333333333334,"score":-1,"turnovers":15,"blocks":10}