{"gameID":"2017-05-13-NSH-ATL","teamID":"nightwatch","completionPercentage":0.8938356164383562,"completions":261,"huckPercentage":null,"redZonePercentage":null,"holdPercentage":0.5454545454545454,"breakPercentage":0.047619047619047616,"score":-1,"turnovers":31,"blocks":5}