{"gameID":"2017-04-30-OTT-PHI","teamID":"phoenix","completionPercentage":0.9110320284697508,"completions":256,"huckPercentage":null,"redZonePercentage":null,"holdPercentage":0.7741935483870968,"breakPercentage":0.07142857142857142,"score":-1,"turnovers":25,"blocks":12}