{"gameID":"2017-05-13-NSH-ATL","teamID":"hustle","completionPercentage":0.9366666666666666,"completions":281,"huckPercentage":null,"redZonePercentage":null,"holdPercentage":0.8571428571428571,"breakPercentage":0.3939393939393939,"score":-1,"turnovers":19,"blocks":15}