{"gameID":"2017-07-22-NY-OTT","teamID":"empire","completionPercentage":0.9181034482758621,"completions":213,"huckPercentage":null,"redZonePercentage":null,"holdPercentage":0.7407407407407407,"breakPercentage":0.2903225806451613,"score":-1,"turnovers":19,"blocks":15}