{"gameID":"2017-06-24-DET-MAD","teamID":"mechanix","completionPercentage":0.8962025316455696,"completions":354,"huckPercentage":null,"redZonePercentage":null,"holdPercentage":0.34782608695652173,"breakPercentage":0.09090909090909091,"score":-1,"turnovers":41,"blocks":17}