{"gameID":"2017-06-24-LA-VAN","teamID":"riptide","completionPercentage":0.8838174273858921,"completions":213,"huckPercentage":null,"redZonePercentage":null,"holdPercentage":0.5652173913043478,"breakPercentage":0.3181818181818182,"score":-1,"turnovers":28,"blocks":15}