{"gameID":"2017-06-24-PHI-DC","teamID":"breeze","completionPercentage":0.9313432835820895,"completions":312,"huckPercentage":null,"redZonePercentage":null,"holdPercentage":0.7368421052631579,"breakPercentage":0.4074074074074074,"score":-1,"turnovers":23,"blocks":18}