{"gameID":"2017-05-13-MIN-CHI","teamID":"union","completionPercentage":0.9287598944591029,"completions":352,"huckPercentage":null,"redZonePercentage":null,"holdPercentage":0.6818181818181818,"breakPercentage":0.10526315789473684,"score":-1,"turnovers":27,"blocks":15}