{"gameID":"2017-06-10-OTT-MTL","teamID":"outlaws","completionPercentage":0.8473684210526315,"completions":161,"huckPercentage":null,"redZonePercentage":null,"holdPercentage":0.6111111111111112,"breakPercentage":0.13333333333333333,"score":-1,"turnovers":29,"blocks":18}