{"gameID":"2017-04-08-SF-SJ","teamID":"spiders","completionPercentage":0.9449275362318841,"completions":326,"huckPercentage":null,"redZonePercentage":null,"holdPercentage":0.6666666666666666,"breakPercentage":0.3076923076923077,"score":-1,"turnovers":19,"blocks":12}ks":12}