{"gameID":"2017-05-20-ATL-AUS","teamID":"sol","completionPercentage":0.9543010752688172,"completions":355,"huckPercentage":null,"redZonePercentage":null,"holdPercentage":0.7333333333333333,"breakPercentage":0.1724137931034483,"score":-1,"turnovers":17,"blocks":11}