{"gameID":"2017-07-09-RAL-NSH","teamID":"flyers","completionPercentage":0.931740614334471,"completions":273,"huckPercentage":null,"redZonePercentage":null,"holdPercentage":0.8571428571428571,"breakPercentage":0.21212121212121213,"score":-1,"turnovers":20,"blocks":15}:9}