{"gameID":"2017-07-29-JAX-DAL","teamID":"legion","completionPercentage":0.9511400651465798,"completions":292,"huckPercentage":null,"redZonePercentage":null,"holdPercentage":0.6428571428571429,"breakPercentage":0.5416666666666666,"score":-1,"turnovers":15,"blocks":9}7}