{"gameID":"2017-07-14-NSH-ATL","teamID":"hustle","completionPercentage":0.9411764705882353,"completions":304,"huckPercentage":null,"redZonePercentage":null,"holdPercentage":0.7916666666666666,"breakPercentage":0.27586206896551724,"score":-1,"turnovers":19,"blocks":15}