{"gameID":"2017-05-27-CHI-MAD","teamID":"union","completionPercentage":0.9564102564102565,"completions":373,"huckPercentage":null,"redZonePercentage":null,"holdPercentage":0.6521739130434783,"breakPercentage":0.22727272727272727,"score":-1,"turnovers":17,"blocks":10}