{"gameID":"2017-07-23-OTT-MTL","teamID":"outlaws","completionPercentage":0.8675213675213675,"completions":203,"huckPercentage":null,"redZonePercentage":null,"holdPercentage":0.5454545454545454,"breakPercentage":0.16666666666666666,"score":-1,"turnovers":31,"blocks":12}