{"gameID":"2017-07-08-JAX-AUS","teamID":"cannons","completionPercentage":0.9485714285714286,"completions":332,"huckPercentage":null,"redZonePercentage":null,"holdPercentage":0.7931034482758621,"breakPercentage":0.24242424242424243,"score":-1,"turnovers":18,"blocks":13}