{"gameID":"2017-04-22-JAX-ATL","teamID":"cannons","completionPercentage":0.9337979094076655,"completions":268,"huckPercentage":null,"redZonePercentage":null,"holdPercentage":0.7777777777777778,"breakPercentage":0.20689655172413793,"score":-1,"turnovers":19,"blocks":3}