{"gameID":"2017-04-29-MTL-TOR","teamID":"rush","completionPercentage":0.8661087866108786,"completions":207,"huckPercentage":null,"redZonePercentage":null,"holdPercentage":0.4583333333333333,"breakPercentage":0.38095238095238093,"score":-1,"turnovers":32,"blocks":12}