{"gameID":"2017-04-22-CHI-PIT","teamID":"union","completionPercentage":0.9163879598662207,"completions":274,"huckPercentage":null,"redZonePercentage":null,"holdPercentage":0.5454545454545454,"breakPercentage":0.16666666666666666,"score":-1,"turnovers":25,"blocks":5}ks":14}