{"gameID":"2017-07-08-JAX-AUS","teamID":"sol","completionPercentage":0.9290540540540541,"completions":275,"huckPercentage":null,"redZonePercentage":null,"holdPercentage":0.6666666666666666,"breakPercentage":0.1724137931034483,"score":-1,"turnovers":21,"blocks":9}