{"gameID":"2017-04-22-JAX-ATL","teamID":"hustle","completionPercentage":0.9290780141843972,"completions":262,"huckPercentage":null,"redZonePercentage":null,"holdPercentage":0.6896551724137931,"breakPercentage":0.18518518518518517,"score":-1,"turnovers":20,"blocks":11}