{"gameID":"2017-06-04-SD-SEA","teamID":"cascades","completionPercentage":0.8994708994708994,"completions":170,"huckPercentage":null,"redZonePercentage":null,"holdPercentage":0.5833333333333334,"breakPercentage":0.23809523809523808,"score":-1,"turnovers":19,"blocks":7}