{"gameID":"2017-06-17-SEA-VAN","teamID":"riptide","completionPercentage":0.9061371841155235,"completions":251,"huckPercentage":null,"redZonePercentage":null,"holdPercentage":0.5769230769230769,"breakPercentage":0.19047619047619047,"score":-1,"turnovers":26,"blocks":13}