{"gameID":"2017-05-21-MTL-NY","teamID":"empire","completionPercentage":0.8861788617886179,"completions":218,"huckPercentage":null,"redZonePercentage":null,"holdPercentage":0.5714285714285714,"breakPercentage":0.2222222222222222,"score":-1,"turnovers":28,"blocks":14}