{"gameID":"2017-07-22-SJ-LA","teamID":"aviators","completionPercentage":0.9315960912052117,"completions":286,"huckPercentage":null,"redZonePercentage":null,"holdPercentage":0.6923076923076923,"breakPercentage":0.23076923076923078,"score":-1,"turnovers":21,"blocks":14}