{"gameID":"2017-07-01-NY-MTL","teamID":"royal","completionPercentage":0.9278350515463918,"completions":270,"huckPercentage":null,"redZonePercentage":null,"holdPercentage":0.7727272727272727,"breakPercentage":0.3870967741935484,"score":-1,"turnovers":21,"blocks":15}3}