{"gameID":"2017-06-17-AUS-DAL","teamID":"legion","completionPercentage":0.8910505836575876,"completions":229,"huckPercentage":null,"redZonePercentage":null,"holdPercentage":0.5925925925925926,"breakPercentage":0.3793103448275862,"score":-1,"turnovers":28,"blocks":12}