{"gameID":"2017-04-08-DET-IND","teamID":"alleycats","completionPercentage":0.9068825910931174,"completions":224,"huckPercentage":null,"redZonePercentage":null,"holdPercentage":0.7058823529411765,"breakPercentage":0.48148148148148145,"score":-1,"turnovers":23,"blocks":19}