{"gameID":"2017-06-04-AUS-ATL","teamID":"hustle","completionPercentage":0.9357429718875502,"completions":233,"huckPercentage":null,"redZonePercentage":null,"holdPercentage":0.7692307692307693,"breakPercentage":0.2413793103448276,"score":-1,"turnovers":16,"blocks":10}