{"gameID":"2017-04-22-SEA-VAN","teamID":"riptide","completionPercentage":0.925531914893617,"completions":261,"huckPercentage":null,"redZonePercentage":null,"holdPercentage":0.6551724137931034,"breakPercentage":0.19230769230769232,"score":-1,"turnovers":21,"blocks":11}