{"gameID":"2017-04-01-AUS-DAL","teamID":"sol","completionPercentage":0.8989169675090253,"completions":249,"huckPercentage":null,"redZonePercentage":null,"holdPercentage":0.6521739130434783,"breakPercentage":0.10526315789473684,"score":-1,"turnovers":28,"blocks":11}3}