{"gameID":"2017-05-21-VAN-SF","teamID":"riptide","completionPercentage":0.8732394366197183,"completions":248,"huckPercentage":null,"redZonePercentage":null,"holdPercentage":0.5428571428571428,"breakPercentage":0.045454545454545456,"score":-1,"turnovers":36,"blocks":12}