{"gameID":"2017-05-13-DC-TOR","teamID":"breeze","completionPercentage":0.9076305220883534,"completions":226,"huckPercentage":null,"redZonePercentage":null,"holdPercentage":0.6071428571428571,"breakPercentage":0.13636363636363635,"score":-1,"turnovers":23,"blocks":5}