{"gameID":"2017-06-10-SJ-SF","teamID":"spiders","completionPercentage":0.8326996197718631,"completions":219,"huckPercentage":null,"redZonePercentage":null,"holdPercentage":0.5517241379310345,"breakPercentage":0.14285714285714285,"score":-1,"turnovers":44,"blocks":15}