{"gameID":"2017-05-13-PHI-OTT","teamID":"outlaws","completionPercentage":0.9126984126984127,"completions":230,"huckPercentage":null,"redZonePercentage":null,"holdPercentage":0.6521739130434783,"breakPercentage":0.37037037037037035,"score":-1,"turnovers":22,"blocks":13}