{"gameID":"2017-06-11-TOR-DC","teamID":"breeze","completionPercentage":0.9245283018867925,"completions":245,"huckPercentage":null,"redZonePercentage":null,"holdPercentage":0.8421052631578947,"breakPercentage":0.3333333333333333,"score":-1,"turnovers":20,"blocks":17}