{"gameID":"2017-07-02-CHI-PIT","teamID":"union","completionPercentage":0.8801652892561983,"completions":213,"huckPercentage":null,"redZonePercentage":null,"holdPercentage":0.6956521739130435,"breakPercentage":0.18181818181818182,"score":-1,"turnovers":29,"blocks":14}ks":14}