{"gameID":"2017-06-09-SEA-SD","teamID":"growlers","completionPercentage":0.9212121212121213,"completions":304,"huckPercentage":null,"redZonePercentage":null,"holdPercentage":0.5909090909090909,"breakPercentage":0.34782608695652173,"score":-1,"turnovers":26,"blocks":10}