{"gameID":"2017-05-14-PHI-MTL","teamID":"royal","completionPercentage":0.9205776173285198,"completions":255,"huckPercentage":null,"redZonePercentage":null,"holdPercentage":0.7142857142857143,"breakPercentage":0.18518518518518517,"score":-1,"turnovers":22,"blocks":12}