{"gameID":"2017-06-17-AUS-DAL","teamID":"sol","completionPercentage":0.8872727272727273,"completions":244,"huckPercentage":null,"redZonePercentage":null,"holdPercentage":0.6206896551724138,"breakPercentage":0.25925925925925924,"score":-1,"turnovers":31,"blocks":16}