{"gameID":"2017-06-10-NSH-RAL","teamID":"flyers","completionPercentage":0.9610027855153204,"completions":345,"huckPercentage":null,"redZonePercentage":null,"holdPercentage":0.8636363636363636,"breakPercentage":0.38235294117647056,"score":-1,"turnovers":14,"blocks":16}