{"gameID":"2017-07-08-MTL-TOR","teamID":"royal","completionPercentage":0.8875379939209727,"completions":292,"huckPercentage":null,"redZonePercentage":null,"holdPercentage":0.43333333333333335,"breakPercentage":0.3181818181818182,"score":-1,"turnovers":37,"blocks":12}