{"gameID":"2017-06-24-SF-SJ","teamID":"spiders","completionPercentage":0.9476744186046512,"completions":326,"huckPercentage":null,"redZonePercentage":null,"holdPercentage":0.6785714285714286,"breakPercentage":0.3225806451612903,"score":-1,"turnovers":18,"blocks":13}