{"gameID":"2017-06-03-JAX-RAL","teamID":"flyers","completionPercentage":0.9578059071729957,"completions":227,"huckPercentage":null,"redZonePercentage":null,"holdPercentage":0.6785714285714286,"breakPercentage":0.27586206896551724,"score":-1,"turnovers":10,"blocks":6}