{"gameID":"2017-06-30-VAN-SEA","teamID":"riptide","completionPercentage":0.8675496688741722,"completions":262,"huckPercentage":null,"redZonePercentage":null,"holdPercentage":0.2727272727272727,"breakPercentage":0.08333333333333333,"score":-1,"turnovers":40,"blocks":10}