{"gameID":"2017-05-12-DAL-JAX","teamID":"legion","completionPercentage":0.9110169491525424,"completions":215,"huckPercentage":null,"redZonePercentage":null,"holdPercentage":0.6923076923076923,"breakPercentage":0.16666666666666666,"score":-1,"turnovers":21,"blocks":11}