{"gameID":"2017-06-11-TOR-DC","teamID":"rush","completionPercentage":0.8981132075471698,"completions":238,"huckPercentage":null,"redZonePercentage":null,"holdPercentage":0.5925925925925926,"breakPercentage":0.05263157894736842,"score":-1,"turnovers":27,"blocks":9}