{"gameID":"2017-08-04-PIT-MIN","teamID":"windchill","completionPercentage":0.8796680497925311,"completions":212,"huckPercentage":null,"redZonePercentage":null,"holdPercentage":0.6428571428571429,"breakPercentage":0.25925925925925924,"score":-1,"turnovers":29,"blocks":17}