{"gameID":"2017-05-20-RAL-JAX","teamID":"flyers","completionPercentage":0.9212598425196851,"completions":234,"huckPercentage":null,"redZonePercentage":null,"holdPercentage":0.6363636363636364,"breakPercentage":0.30434782608695654,"score":-1,"turnovers":20,"blocks":10}