{"gameID":"2017-06-25-ATL-AUS","teamID":"hustle","completionPercentage":0.9023569023569024,"completions":268,"huckPercentage":null,"redZonePercentage":null,"holdPercentage":0.7142857142857143,"breakPercentage":0.17857142857142858,"score":-1,"turnovers":29,"blocks":16}