{"gameID":"2017-04-22-MTL-PHI","teamID":"phoenix","completionPercentage":0.8928571428571429,"completions":250,"huckPercentage":null,"redZonePercentage":null,"holdPercentage":0.5925925925925926,"breakPercentage":0.2692307692307692,"score":-1,"turnovers":30,"blocks":18}