{"gameID":"2017-04-22-MTL-PHI","teamID":"royal","completionPercentage":0.9237057220708447,"completions":339,"huckPercentage":null,"redZonePercentage":null,"holdPercentage":0.6923076923076923,"breakPercentage":0.2222222222222222,"score":-1,"turnovers":28,"blocks":22}