{"gameID":"2017-04-15-ATL-NSH","teamID":"nightwatch","completionPercentage":0.9195046439628483,"completions":297,"huckPercentage":null,"redZonePercentage":null,"holdPercentage":0.6666666666666666,"breakPercentage":0.034482758620689655,"score":-1,"turnovers":26,"blocks":4}