{"gameID":"2017-04-08-RAL-AUS","teamID":"flyers","completionPercentage":0.8940677966101694,"completions":211,"huckPercentage":null,"redZonePercentage":null,"holdPercentage":0.7142857142857143,"breakPercentage":0.39285714285714285,"score":-1,"turnovers":25,"blocks":17}