{"gameID":"2017-05-13-SEA-SF","teamID":"cascades","completionPercentage":0.898876404494382,"completions":240,"huckPercentage":null,"redZonePercentage":null,"holdPercentage":0.6896551724137931,"breakPercentage":0.26666666666666666,"score":-1,"turnovers":27,"blocks":11}