{"gameID":"2017-04-01-ATL-RAL","teamID":"flyers","completionPercentage":0.9541547277936963,"completions":333,"huckPercentage":null,"redZonePercentage":null,"holdPercentage":0.7619047619047619,"breakPercentage":0.3793103448275862,"score":-1,"turnovers":16,"blocks":14}}