{"gameID":"2017-05-21-DET-CHI","teamID":"mechanix","completionPercentage":0.7777777777777778,"completions":203,"huckPercentage":null,"redZonePercentage":null,"holdPercentage":0.4583333333333333,"breakPercentage":0.06666666666666667,"score":-1,"turnovers":58,"blocks":12}