{"gameID":"2017-05-13-DC-TOR","teamID":"rush","completionPercentage":0.943609022556391,"completions":251,"huckPercentage":null,"redZonePercentage":null,"holdPercentage":0.6818181818181818,"breakPercentage":0.39285714285714285,"score":-1,"turnovers":15,"blocks":9}