{"gameID":"2017-07-01-AUS-NSH","teamID":"nightwatch","completionPercentage":0.8693877551020408,"completions":213,"huckPercentage":null,"redZonePercentage":null,"holdPercentage":0.5517241379310345,"breakPercentage":0.21739130434782608,"score":-1,"turnovers":32,"blocks":15}