{"gameID":"2017-04-22-SD-SF","teamID":"growlers","completionPercentage":0.8777292576419214,"completions":201,"huckPercentage":null,"redZonePercentage":null,"holdPercentage":0.5666666666666667,"breakPercentage":0.09523809523809523,"score":-1,"turnovers":28,"blocks":13}