{"gameID":"2017-04-22-DC-RAL","teamID":"breeze","completionPercentage":0.865546218487395,"completions":206,"huckPercentage":null,"redZonePercentage":null,"holdPercentage":0.5384615384615384,"breakPercentage":0.30434782608695654,"score":-1,"turnovers":32,"blocks":14}