{"gameID":"2017-07-09-MIN-PIT","teamID":"windchill","completionPercentage":0.8780487804878049,"completions":216,"huckPercentage":null,"redZonePercentage":null,"holdPercentage":0.6428571428571429,"breakPercentage":0.16666666666666666,"score":-1,"turnovers":30,"blocks":15}