{"gameID":"2017-05-07-TOR-MTL","teamID":"rush","completionPercentage":0.8421052631578947,"completions":192,"huckPercentage":null,"redZonePercentage":null,"holdPercentage":0.6842105263157895,"breakPercentage":0.4230769230769231,"score":-1,"turnovers":36,"blocks":19}