{"gameID":"2017-06-17-SF-TOR","teamID":"rush","completionPercentage":0.9425675675675675,"completions":279,"huckPercentage":null,"redZonePercentage":null,"holdPercentage":0.7241379310344828,"breakPercentage":0.34285714285714286,"score":-1,"turnovers":17,"blocks":14}