{"gameID":"2017-04-09-TOR-DC","teamID":"rush","completionPercentage":0.9055374592833876,"completions":278,"huckPercentage":null,"redZonePercentage":null,"holdPercentage":0.5588235294117647,"breakPercentage":0.08695652173913043,"score":-1,"turnovers":29,"blocks":5}6}