{"gameID":"2017-04-29-CHI-DET","teamID":"mechanix","completionPercentage":0.9036144578313253,"completions":225,"huckPercentage":null,"redZonePercentage":null,"holdPercentage":0.7647058823529411,"breakPercentage":0.38461538461538464,"score":-1,"turnovers":24,"blocks":13}