{"gameID":"2017-06-18-DC-OTT","teamID":"outlaws","completionPercentage":0.7416267942583732,"completions":155,"huckPercentage":null,"redZonePercentage":null,"holdPercentage":0.36666666666666664,"breakPercentage":0.13333333333333333,"score":-1,"turnovers":54,"blocks":18}