{"gameID":"2017-07-23-OTT-MTL","teamID":"royal","completionPercentage":0.9247311827956989,"completions":258,"huckPercentage":null,"redZonePercentage":null,"holdPercentage":0.7916666666666666,"breakPercentage":0.36363636363636365,"score":-1,"turnovers":21,"blocks":14}