{"gameID":"2017-06-24-JAX-RAL","teamID":"cannons","completionPercentage":0.9102167182662538,"completions":294,"huckPercentage":null,"redZonePercentage":null,"holdPercentage":0.41379310344827586,"breakPercentage":0.06666666666666667,"score":-1,"turnovers":29,"blocks":5}