{"gameID":"2017-07-22-NY-OTT","teamID":"outlaws","completionPercentage":0.9215017064846417,"completions":270,"huckPercentage":null,"redZonePercentage":null,"holdPercentage":0.6451612903225806,"breakPercentage":0.18518518518518517,"score":-1,"turnovers":23,"blocks":7}