{"gameID":"2017-07-22-SJ-LA","teamID":"spiders","completionPercentage":0.9264214046822743,"completions":277,"huckPercentage":null,"redZonePercentage":null,"holdPercentage":0.6538461538461539,"breakPercentage":0.23076923076923078,"score":-1,"turnovers":22,"blocks":11}