{"gameID":"2017-05-13-PHI-OTT","teamID":"phoenix","completionPercentage":0.7786885245901639,"completions":95,"huckPercentage":null,"redZonePercentage":null,"holdPercentage":0.5925925925925926,"breakPercentage":0.21739130434782608,"score":-1,"turnovers":27,"blocks":13}