{"gameID":"2017-06-10-MAD-MIN","teamID":"radicals","completionPercentage":0.9262820512820513,"completions":289,"huckPercentage":null,"redZonePercentage":null,"holdPercentage":0.5416666666666666,"breakPercentage":0.38461538461538464,"score":-1,"turnovers":23,"blocks":15}