{"gameID":"2017-06-25-LA-SEA","teamID":"aviators","completionPercentage":0.9487179487179487,"completions":370,"huckPercentage":null,"redZonePercentage":null,"holdPercentage":0.6428571428571429,"breakPercentage":0.3548387096774194,"score":-1,"turnovers":20,"blocks":16}