{"gameID":"2017-06-24-ATL-DAL","teamID":"hustle","completionPercentage":0.8909774436090225,"completions":237,"huckPercentage":null,"redZonePercentage":null,"holdPercentage":0.6956521739130435,"breakPercentage":0.14285714285714285,"score":-1,"turnovers":29,"blocks":17}