{"gameID":"2017-06-10-SEA-LA","teamID":"cascades","completionPercentage":0.9215017064846417,"completions":270,"huckPercentage":null,"redZonePercentage":null,"holdPercentage":0.5925925925925926,"breakPercentage":0.18181818181818182,"score":-1,"turnovers":23,"blocks":5}