{"gameID":"2017-07-29-JAX-DAL","teamID":"cannons","completionPercentage":0.8826086956521739,"completions":203,"huckPercentage":null,"redZonePercentage":null,"holdPercentage":0.4166666666666667,"breakPercentage":0.14285714285714285,"score":-1,"turnovers":27,"blocks":7}