{"gameID":"2017-06-24-ATL-DAL","teamID":"legion","completionPercentage":0.9111111111111111,"completions":287,"huckPercentage":null,"redZonePercentage":null,"holdPercentage":0.7142857142857143,"breakPercentage":0.2608695652173913,"score":-1,"turnovers":28,"blocks":10}