{"gameID":"2018-07-14-SEA-SF","teamID":"cascades","completionPercentage":0.9438943894389439,"completions":286,"huckPercentage":null,"redZonePercentage":null,"holdPercentage":0.7727272727272727,"breakPercentage":0.42424242424242425,"score":-1,"turnovers":17,"blocks":16}s":10}