{"gameID":"2018-06-16-OTT-TOR","teamID":"rush","completionPercentage":0.9109311740890689,"completions":225,"huckPercentage":null,"redZonePercentage":null,"holdPercentage":0.8421052631578947,"breakPercentage":0.3793103448275862,"score":-1,"turnovers":22,"blocks":25}