{"gameID":"2018-06-02-TOR-MTL","teamID":"royal","completionPercentage":0.8851851851851852,"completions":239,"huckPercentage":null,"redZonePercentage":null,"holdPercentage":0.46153846153846156,"breakPercentage":0.36363636363636365,"score":-1,"turnovers":31,"blocks":13}