{"gameID":"2018-05-19-MAD-CHI","teamID":"radicals","completionPercentage":0.9308943089430894,"completions":229,"huckPercentage":null,"redZonePercentage":null,"holdPercentage":0.7777777777777778,"breakPercentage":0.38461538461538464,"score":-1,"turnovers":17,"blocks":13}