{"gameID":"2018-04-27-SD-SJ","teamID":"spiders","completionPercentage":0.8905109489051095,"completions":244,"huckPercentage":null,"redZonePercentage":null,"holdPercentage":0.5263157894736842,"breakPercentage":0.38095238095238093,"score":-1,"turnovers":30,"blocks":14}