{"gameID":"2018-07-01-SJ-SEA","teamID":"spiders","completionPercentage":0.9251700680272109,"completions":272,"huckPercentage":null,"redZonePercentage":null,"holdPercentage":0.7777777777777778,"breakPercentage":0.11538461538461539,"score":-1,"turnovers":22,"blocks":10}