{"gameID":"2018-05-19-LA-SD","teamID":"growlers","completionPercentage":0.9326923076923077,"completions":291,"huckPercentage":null,"redZonePercentage":null,"holdPercentage":0.5925925925925926,"breakPercentage":0.18181818181818182,"score":-1,"turnovers":21,"blocks":10}