{"gameID":"2018-07-08-TOR-OTT","teamID":"outlaws","completionPercentage":0.8470588235294118,"completions":216,"huckPercentage":null,"redZonePercentage":null,"holdPercentage":0.42857142857142855,"breakPercentage":0.06666666666666667,"score":-1,"turnovers":39,"blocks":10}