{"gameID":"2018-06-09-DAL-AUS","teamID":"sol","completionPercentage":0.9049773755656109,"completions":200,"huckPercentage":null,"redZonePercentage":null,"holdPercentage":0.5714285714285714,"breakPercentage":0.2631578947368421,"score":-1,"turnovers":21,"blocks":12}