{"gameID":"2018-06-16-SEA-LA","teamID":"aviators","completionPercentage":0.9233449477351916,"completions":265,"huckPercentage":null,"redZonePercentage":null,"holdPercentage":0.7368421052631579,"breakPercentage":0.42857142857142855,"score":-1,"turnovers":22,"blocks":10}