{"gameID":"2018-06-09-TOR-DC","teamID":"breeze","completionPercentage":0.9511568123393316,"completions":370,"huckPercentage":null,"redZonePercentage":null,"holdPercentage":0.6666666666666666,"breakPercentage":0.25925925925925924,"score":-1,"turnovers":19,"blocks":9}