{"gameID":"2018-04-07-SJ-SF","teamID":"spiders","completionPercentage":0.9097222222222222,"completions":262,"huckPercentage":null,"redZonePercentage":null,"holdPercentage":0.6818181818181818,"breakPercentage":0.2608695652173913,"score":-1,"turnovers":26,"blocks":14}