{"gameID":"2018-06-30-AUS-DAL","teamID":"sol","completionPercentage":0.8267326732673267,"completions":167,"huckPercentage":null,"redZonePercentage":null,"holdPercentage":0.6451612903225806,"breakPercentage":0.18518518518518517,"score":-1,"turnovers":35,"blocks":10}