{"gameID":"2018-06-30-PHI-DC","teamID":"breeze","completionPercentage":0.9647058823529412,"completions":328,"huckPercentage":null,"redZonePercentage":null,"holdPercentage":0.7647058823529411,"breakPercentage":0.4444444444444444,"score":-1,"turnovers":12,"blocks":12}