{"gameID":"2018-05-20-DC-MTL","teamID":"royal","completionPercentage":0.8652173913043478,"completions":199,"huckPercentage":null,"redZonePercentage":null,"holdPercentage":0.5454545454545454,"breakPercentage":0.391304347826087,"score":-1,"turnovers":31,"blocks":15}