{"gameID":"2018-03-31-TB-RAL","teamID":"cannons","completionPercentage":0.9341317365269461,"completions":312,"huckPercentage":null,"redZonePercentage":null,"holdPercentage":0.5862068965517241,"breakPercentage":0.20833333333333334,"score":-1,"turnovers":22,"blocks":5}