{"gameID":"2018-07-13-SEA-SJ","teamID":"cascades","completionPercentage":0.9118773946360154,"completions":238,"huckPercentage":null,"redZonePercentage":null,"holdPercentage":0.6896551724137931,"breakPercentage":0.15384615384615385,"score":-1,"turnovers":23,"blocks":11}