{"gameID":"2018-07-15-OTT-MTL","teamID":"royal","completionPercentage":0.8796296296296297,"completions":190,"huckPercentage":null,"redZonePercentage":null,"holdPercentage":0.6363636363636364,"breakPercentage":0.15384615384615385,"score":-1,"turnovers":26,"blocks":7}9}