{"gameID":"2018-06-24-NSH-DAL","teamID":"legion","completionPercentage":0.8762541806020067,"completions":262,"huckPercentage":null,"redZonePercentage":null,"holdPercentage":0.9444444444444444,"breakPercentage":0.36666666666666664,"score":-1,"turnovers":37,"blocks":23}