{"gameID":"2018-06-16-DAL-ATL","teamID":"hustle","completionPercentage":0.9151785714285714,"completions":205,"huckPercentage":null,"redZonePercentage":null,"holdPercentage":0.6923076923076923,"breakPercentage":0.09090909090909091,"score":-1,"turnovers":19,"blocks":8}