{"gameID":"2018-03-31-TB-RAL","teamID":"flyers","completionPercentage":0.9398496240601504,"completions":250,"huckPercentage":null,"redZonePercentage":null,"holdPercentage":0.7083333333333334,"breakPercentage":0.3448275862068966,"score":-1,"turnovers":16,"blocks":12}}