{"gameID":"2018-07-14-NSH-TB","teamID":"cannons","completionPercentage":0.947945205479452,"completions":346,"huckPercentage":null,"redZonePercentage":null,"holdPercentage":0.8571428571428571,"breakPercentage":0.16666666666666666,"score":-1,"turnovers":19,"blocks":14}:13}