{"gameID":"2018-07-21-SD-LA","teamID":"aviators","completionPercentage":0.9572953736654805,"completions":269,"huckPercentage":null,"redZonePercentage":null,"holdPercentage":0.8333333333333334,"breakPercentage":0.21428571428571427,"score":-1,"turnovers":12,"blocks":8}