{"gameID":"2018-07-13-SEA-SJ","teamID":"spiders","completionPercentage":0.9418960244648318,"completions":308,"huckPercentage":null,"redZonePercentage":null,"holdPercentage":0.7692307692307693,"breakPercentage":0.2413793103448276,"score":-1,"turnovers":19,"blocks":10}1}