{"gameID":"2018-05-26-CHI-IND","teamID":"union","completionPercentage":0.9401408450704225,"completions":267,"huckPercentage":null,"redZonePercentage":null,"holdPercentage":0.7142857142857143,"breakPercentage":0.08333333333333333,"score":-1,"turnovers":17,"blocks":5}