{"gameID":"2018-07-14-CHI-MAD","teamID":"union","completionPercentage":0.9446254071661238,"completions":290,"huckPercentage":null,"redZonePercentage":null,"holdPercentage":0.6206896551724138,"breakPercentage":0.23076923076923078,"score":-1,"turnovers":17,"blocks":10}