{"gameID":"2018-06-16-SEA-LA","teamID":"cascades","completionPercentage":0.9047619047619048,"completions":304,"huckPercentage":null,"redZonePercentage":null,"holdPercentage":0.4642857142857143,"breakPercentage":0.21052631578947367,"score":-1,"turnovers":32,"blocks":10}