{"gameID":"2018-06-09-MAD-CHI","teamID":"union","completionPercentage":0.9354838709677419,"completions":319,"huckPercentage":null,"redZonePercentage":null,"holdPercentage":0.7083333333333334,"breakPercentage":0.17391304347826086,"score":-1,"turnovers":22,"blocks":8}