{"gameID":"2018-04-07-MIN-SEA","teamID":"windchill","completionPercentage":0.8962264150943396,"completions":285,"huckPercentage":null,"redZonePercentage":null,"holdPercentage":0.8387096774193549,"breakPercentage":0.06666666666666667,"score":-1,"turnovers":33,"blocks":12}