{"gameID":"2018-06-16-NY-MTL","teamID":"empire","completionPercentage":0.8940677966101694,"completions":211,"huckPercentage":null,"redZonePercentage":null,"holdPercentage":0.6428571428571429,"breakPercentage":0.16666666666666666,"score":-1,"turnovers":25,"blocks":7}