{"gameID":"2018-06-30-ATL-TB","teamID":"hustle","completionPercentage":0.9021739130434783,"completions":166,"huckPercentage":null,"redZonePercentage":null,"holdPercentage":0.5238095238095238,"breakPercentage":0.2777777777777778,"score":-1,"turnovers":18,"blocks":11}