{"gameID":"2018-07-01-SJ-SEA","teamID":"cascades","completionPercentage":0.9295302013422819,"completions":277,"huckPercentage":null,"redZonePercentage":null,"holdPercentage":0.7692307692307693,"breakPercentage":0.18518518518518517,"score":-1,"turnovers":21,"blocks":12}