{"gameID":"2018-06-03-SF-LA","teamID":"aviators","completionPercentage":0.9080459770114943,"completions":237,"huckPercentage":null,"redZonePercentage":null,"holdPercentage":0.7619047619047619,"breakPercentage":0.2916666666666667,"score":-1,"turnovers":24,"blocks":14}