{"gameID":"2018-05-20-OTT-TOR","teamID":"rush","completionPercentage":0.8957654723127035,"completions":275,"huckPercentage":null,"redZonePercentage":null,"holdPercentage":0.5238095238095238,"breakPercentage":0.43478260869565216,"score":-1,"turnovers":32,"blocks":18}