{"gameID":"2018-05-20-ATL-DAL","teamID":"hustle","completionPercentage":0.8909090909090909,"completions":196,"huckPercentage":null,"redZonePercentage":null,"holdPercentage":0.6428571428571429,"breakPercentage":0.13043478260869565,"score":-1,"turnovers":24,"blocks":6}