{"gameID":"2018-08-11-LA-MAD","teamID":"radicals","completionPercentage":0.9475308641975309,"completions":307,"huckPercentage":null,"redZonePercentage":null,"holdPercentage":0.7142857142857143,"breakPercentage":0.34615384615384615,"score":-1,"turnovers":17,"blocks":14}