{"gameID":"2018-05-04-SJ-SD","teamID":"growlers","completionPercentage":0.9272727272727272,"completions":255,"huckPercentage":null,"redZonePercentage":null,"holdPercentage":0.6666666666666666,"breakPercentage":0.3333333333333333,"score":-1,"turnovers":20,"blocks":14}