{"gameID":"2018-06-16-NSH-RAL","teamID":"flyers","completionPercentage":0.9607843137254902,"completions":343,"huckPercentage":null,"redZonePercentage":null,"holdPercentage":0.7647058823529411,"breakPercentage":0.4827586206896552,"score":-1,"turnovers":14,"blocks":14}