{"gameID":"2018-04-22-SJ-LA","teamID":"aviators","completionPercentage":0.9110169491525424,"completions":215,"huckPercentage":null,"redZonePercentage":null,"holdPercentage":0.7222222222222222,"breakPercentage":0.46153846153846156,"score":-1,"turnovers":21,"blocks":21}