{"gameID":"2018-07-28-RAL-DAL","teamID":"flyers","completionPercentage":0.8869565217391304,"completions":204,"huckPercentage":null,"redZonePercentage":null,"holdPercentage":0.5454545454545454,"breakPercentage":0.3333333333333333,"score":-1,"turnovers":26,"blocks":14}