{"gameID":"2018-05-26-CHI-IND","teamID":"alleycats","completionPercentage":0.9595959595959596,"completions":285,"huckPercentage":null,"redZonePercentage":null,"holdPercentage":0.8333333333333334,"breakPercentage":0.21428571428571427,"score":-1,"turnovers":12,"blocks":11}