{"gameID":"2018-06-16-OTT-TOR","teamID":"outlaws","completionPercentage":0.8881118881118881,"completions":254,"huckPercentage":null,"redZonePercentage":null,"holdPercentage":0.5517241379310345,"breakPercentage":0.05263157894736842,"score":-1,"turnovers":32,"blocks":10}