{"gameID":"2018-06-02-TOR-MTL","teamID":"rush","completionPercentage":0.8798283261802575,"completions":205,"huckPercentage":null,"redZonePercentage":null,"holdPercentage":0.6363636363636364,"breakPercentage":0.38461538461538464,"score":-1,"turnovers":28,"blocks":17}3}