{"gameID":"2018-06-17-SEA-SD","teamID":"growlers","completionPercentage":0.8996763754045307,"completions":278,"huckPercentage":null,"redZonePercentage":null,"holdPercentage":0.6896551724137931,"breakPercentage":0.18518518518518517,"score":-1,"turnovers":31,"blocks":14}