{"gameID":"2018-04-22-OTT-DC","teamID":"outlaws","completionPercentage":0.8835341365461847,"completions":220,"huckPercentage":null,"redZonePercentage":null,"holdPercentage":0.5357142857142857,"breakPercentage":0.19047619047619047,"score":-1,"turnovers":29,"blocks":10}