{"gameID":"2018-05-19-MIN-PIT","teamID":"windchill","completionPercentage":0.9230769230769231,"completions":264,"huckPercentage":null,"redZonePercentage":null,"holdPercentage":0.6956521739130435,"breakPercentage":0.4857142857142857,"score":-1,"turnovers":22,"blocks":23}":10}