{"gameID":"2018-06-02-AUS-TB","teamID":"sol","completionPercentage":0.9348534201954397,"completions":287,"huckPercentage":null,"redZonePercentage":null,"holdPercentage":0.6785714285714286,"breakPercentage":0.27586206896551724,"score":-1,"turnovers":20,"blocks":8}