{"gameID":"2018-06-24-CHI-DET","teamID":"union","completionPercentage":0.9361702127659575,"completions":264,"huckPercentage":null,"redZonePercentage":null,"holdPercentage":0.7586206896551724,"breakPercentage":0.2727272727272727,"score":-1,"turnovers":18,"blocks":18}