{"gameID":"2018-06-23-DC-TOR","teamID":"rush","completionPercentage":0.924187725631769,"completions":256,"huckPercentage":null,"redZonePercentage":null,"holdPercentage":0.8695652173913043,"breakPercentage":0.26666666666666666,"score":-1,"turnovers":21,"blocks":14}:11}