{"gameID":"2018-04-28-IND-CHI","teamID":"union","completionPercentage":0.9251700680272109,"completions":272,"huckPercentage":null,"redZonePercentage":null,"holdPercentage":0.6296296296296297,"breakPercentage":0.17391304347826086,"score":-1,"turnovers":22,"blocks":7}:11}