{"gameID":"2018-06-17-MAD-IND","teamID":"alleycats","completionPercentage":0.9595687331536388,"completions":356,"huckPercentage":null,"redZonePercentage":null,"holdPercentage":0.7272727272727273,"breakPercentage":0.21739130434782608,"score":-1,"turnovers":15,"blocks":12}