{"gameID":"2018-05-26-AUS-NSH","teamID":"sol","completionPercentage":0.8925233644859814,"completions":191,"huckPercentage":null,"redZonePercentage":null,"holdPercentage":0.6206896551724138,"breakPercentage":0.13043478260869565,"score":-1,"turnovers":23,"blocks":12}