{"gameID":"2018-06-02-DAL-NSH","teamID":"legion","completionPercentage":0.9273255813953488,"completions":319,"huckPercentage":null,"redZonePercentage":null,"holdPercentage":0.9545454545454546,"breakPercentage":0.30303030303030304,"score":-1,"turnovers":25,"blocks":21}