{"gameID":"2018-06-17-DAL-TB","teamID":"legion","completionPercentage":0.9530791788856305,"completions":325,"huckPercentage":null,"redZonePercentage":null,"holdPercentage":0.6296296296296297,"breakPercentage":0.36666666666666664,"score":-1,"turnovers":16,"blocks":8}