{"gameID":"2018-07-07-TB-DAL","teamID":"cannons","completionPercentage":0.8686131386861314,"completions":238,"huckPercentage":null,"redZonePercentage":null,"holdPercentage":0.43478260869565216,"breakPercentage":0.3333333333333333,"score":-1,"turnovers":36,"blocks":19}