{"gameID":"2018-05-26-NY-DC","teamID":"breeze","completionPercentage":0.9428571428571428,"completions":264,"huckPercentage":null,"redZonePercentage":null,"holdPercentage":0.7391304347826086,"breakPercentage":0.3870967741935484,"score":-1,"turnovers":16,"blocks":13}