{"gameID":"2018-05-20-OTT-TOR","teamID":"outlaws","completionPercentage":0.8364485981308412,"completions":179,"huckPercentage":null,"redZonePercentage":null,"holdPercentage":0.4782608695652174,"breakPercentage":0.38095238095238093,"score":-1,"turnovers":35,"blocks":16}