{"gameID":"2018-06-02-OTT-NY","teamID":"empire","completionPercentage":0.9273927392739274,"completions":281,"huckPercentage":null,"redZonePercentage":null,"holdPercentage":0.6521739130434783,"breakPercentage":0.34615384615384615,"score":-1,"turnovers":22,"blocks":19}}