{"gameID":"2018-06-08-MTL-OTT","teamID":"outlaws","completionPercentage":0.8989169675090253,"completions":249,"huckPercentage":null,"redZonePercentage":null,"holdPercentage":0.6206896551724138,"breakPercentage":0.27586206896551724,"score":-1,"turnovers":28,"blocks":13}