{"gameID":"2018-05-12-RAL-DC","teamID":"flyers","completionPercentage":0.9335443037974683,"completions":295,"huckPercentage":null,"redZonePercentage":null,"holdPercentage":0.7037037037037037,"breakPercentage":0.19230769230769232,"score":-1,"turnovers":21,"blocks":11}