{"gameID":"2018-08-12-DAL-MAD","teamID":"legion","completionPercentage":0.9518413597733711,"completions":336,"huckPercentage":null,"redZonePercentage":null,"holdPercentage":0.6363636363636364,"breakPercentage":0.1111111111111111,"score":-1,"turnovers":17,"blocks":6}11}