{"gameID":"2018-06-30-AUS-DAL","teamID":"legion","completionPercentage":0.9121212121212121,"completions":301,"huckPercentage":null,"redZonePercentage":null,"holdPercentage":0.8148148148148148,"breakPercentage":0.22580645161290322,"score":-1,"turnovers":29,"blocks":14}