{"gameID":"2018-07-07-MTL-TOR","teamID":"rush","completionPercentage":0.9333333333333333,"completions":266,"huckPercentage":null,"redZonePercentage":null,"holdPercentage":0.6538461538461539,"breakPercentage":0.36666666666666664,"score":-1,"turnovers":19,"blocks":12}