{"gameID":"2018-07-28-RAL-DAL","teamID":"legion","completionPercentage":0.9113475177304965,"completions":257,"huckPercentage":null,"redZonePercentage":null,"holdPercentage":0.5714285714285714,"breakPercentage":0.36363636363636365,"score":-1,"turnovers":25,"blocks":8}