{"gameID":"2018-06-03-DAL-ATL","teamID":"hustle","completionPercentage":0.9380165289256198,"completions":227,"huckPercentage":null,"redZonePercentage":null,"holdPercentage":0.6774193548387096,"breakPercentage":0.23333333333333334,"score":-1,"turnovers":15,"blocks":7}