{"gameID":"2018-06-03-OTT-PHI","teamID":"outlaws","completionPercentage":0.853448275862069,"completions":198,"huckPercentage":null,"redZonePercentage":null,"holdPercentage":0.5833333333333334,"breakPercentage":0.30434782608695654,"score":-1,"turnovers":34,"blocks":14}