{"gameID":"2018-06-24-MTL-PHI","teamID":"royal","completionPercentage":0.8723404255319149,"completions":246,"huckPercentage":null,"redZonePercentage":null,"holdPercentage":0.6206896551724138,"breakPercentage":0.047619047619047616,"score":-1,"turnovers":36,"blocks":16}