{"gameID":"2018-04-22-AUS-DAL","teamID":"sol","completionPercentage":0.8651685393258427,"completions":231,"huckPercentage":null,"redZonePercentage":null,"holdPercentage":0.5384615384615384,"breakPercentage":0.30434782608695654,"score":-1,"turnovers":36,"blocks":21}