{"gameID":"2018-05-26-NY-DC","teamID":"empire","completionPercentage":0.9076923076923077,"completions":236,"huckPercentage":null,"redZonePercentage":null,"holdPercentage":0.5161290322580645,"breakPercentage":0.21739130434782608,"score":-1,"turnovers":24,"blocks":11}