{"gameID":"2018-05-06-PHI-OTT","teamID":"phoenix","completionPercentage":0.9050632911392406,"completions":286,"huckPercentage":null,"redZonePercentage":null,"holdPercentage":0.6666666666666666,"breakPercentage":0.14285714285714285,"score":-1,"turnovers":30,"blocks":15}