{"gameID":"2018-06-16-SJ-SF","teamID":"spiders","completionPercentage":0.8304347826086956,"completions":191,"huckPercentage":null,"redZonePercentage":null,"holdPercentage":0.6956521739130435,"breakPercentage":0.05263157894736842,"score":-1,"turnovers":39,"blocks":8}