{"gameID":"2018-06-09-SD-SJ","teamID":"growlers","completionPercentage":0.9247648902821317,"completions":295,"huckPercentage":null,"redZonePercentage":null,"holdPercentage":0.5217391304347826,"breakPercentage":0.36363636363636365,"score":-1,"turnovers":24,"blocks":13}