{"gameID":"2018-04-21-SEA-SD","teamID":"growlers","completionPercentage":0.9475308641975309,"completions":307,"huckPercentage":null,"redZonePercentage":null,"holdPercentage":0.8518518518518519,"breakPercentage":0.10714285714285714,"score":-1,"turnovers":17,"blocks":12}