{"gameID":"2018-05-19-DC-TOR","teamID":"breeze","completionPercentage":0.9042904290429042,"completions":274,"huckPercentage":null,"redZonePercentage":null,"holdPercentage":0.42857142857142855,"breakPercentage":0.22727272727272727,"score":-1,"turnovers":29,"blocks":9}