{"gameID":"2018-05-05-SJ-LA","teamID":"spiders","completionPercentage":0.9361702127659575,"completions":308,"huckPercentage":null,"redZonePercentage":null,"holdPercentage":0.7428571428571429,"breakPercentage":0.15151515151515152,"score":-1,"turnovers":21,"blocks":8}0}