{"gameID":"2018-07-08-TOR-OTT","teamID":"rush","completionPercentage":0.8756218905472637,"completions":176,"huckPercentage":null,"redZonePercentage":null,"holdPercentage":0.8666666666666667,"breakPercentage":0.4642857142857143,"score":-1,"turnovers":25,"blocks":16}