{"gameID":"2018-06-08-MTL-OTT","teamID":"royal","completionPercentage":0.9106529209621993,"completions":265,"huckPercentage":null,"redZonePercentage":null,"holdPercentage":0.7142857142857143,"breakPercentage":0.2413793103448276,"score":-1,"turnovers":26,"blocks":16}