{"gameID":"2018-04-28-MTL-OTT","teamID":"royal","completionPercentage":0.9087719298245615,"completions":259,"huckPercentage":null,"redZonePercentage":null,"holdPercentage":0.7142857142857143,"breakPercentage":0.2702702702702703,"score":-1,"turnovers":26,"blocks":15}