{"gameID":"2018-05-20-DC-MTL","teamID":"breeze","completionPercentage":0.8881118881118881,"completions":254,"huckPercentage":null,"redZonePercentage":null,"holdPercentage":0.5217391304347826,"breakPercentage":0.36363636363636365,"score":-1,"turnovers":32,"blocks":19}