{"gameID":"2018-04-28-RAL-DAL","teamID":"flyers","completionPercentage":0.9356913183279743,"completions":291,"huckPercentage":null,"redZonePercentage":null,"holdPercentage":0.7727272727272727,"breakPercentage":0.2692307692307692,"score":-1,"turnovers":20,"blocks":10}}