{"gameID":"2018-06-02-SJ-SEA","teamID":"cascades","completionPercentage":0.8674242424242424,"completions":229,"huckPercentage":null,"redZonePercentage":null,"holdPercentage":0.5483870967741935,"breakPercentage":0.2962962962962963,"score":-1,"turnovers":35,"blocks":15}