{"gameID":"2018-06-16-DAL-ATL","teamID":"legion","completionPercentage":0.965675057208238,"completions":422,"huckPercentage":null,"redZonePercentage":null,"holdPercentage":0.8636363636363636,"breakPercentage":0.19230769230769232,"score":-1,"turnovers":15,"blocks":11}