{"gameID":"2018-04-07-DET-PIT","teamID":"mechanix","completionPercentage":0.9392265193370166,"completions":340,"huckPercentage":null,"redZonePercentage":null,"holdPercentage":0.7368421052631579,"breakPercentage":0.10526315789473684,"score":-1,"turnovers":22,"blocks":12}:14}