{"gameID":"2018-06-16-NSH-RAL","teamID":"nightwatch","completionPercentage":0.8924302788844621,"completions":224,"huckPercentage":null,"redZonePercentage":null,"holdPercentage":0.41379310344827586,"breakPercentage":0.17647058823529413,"score":-1,"turnovers":27,"blocks":8}