{"gameID":"2018-06-23-DET-IND","teamID":"mechanix","completionPercentage":0.8153846153846154,"completions":159,"huckPercentage":null,"redZonePercentage":null,"holdPercentage":0.40476190476190477,"breakPercentage":0.13636363636363635,"score":-1,"turnovers":36,"blocks":7}