{"gameID":"2018-06-24-MTL-PHI","teamID":"phoenix","completionPercentage":0.9087947882736156,"completions":279,"huckPercentage":null,"redZonePercentage":null,"holdPercentage":0.7619047619047619,"breakPercentage":0.3793103448275862,"score":-1,"turnovers":28,"blocks":17}