{"gameID":"2018-07-21-NY-DC","teamID":"breeze","completionPercentage":0.8549019607843137,"completions":218,"huckPercentage":null,"redZonePercentage":null,"holdPercentage":0.6190476190476191,"breakPercentage":0.11764705882352941,"score":-1,"turnovers":37,"blocks":13}