{"gameID":"2018-07-03-MIN-MAD","teamID":"radicals","completionPercentage":0.9625850340136054,"completions":283,"huckPercentage":null,"redZonePercentage":null,"holdPercentage":0.8846153846153846,"breakPercentage":0.32432432432432434,"score":-1,"turnovers":11,"blocks":13}