{"gameID":"2018-06-09-TOR-DC","teamID":"rush","completionPercentage":0.9331103678929766,"completions":279,"huckPercentage":null,"redZonePercentage":null,"holdPercentage":0.6666666666666666,"breakPercentage":0.2222222222222222,"score":-1,"turnovers":20,"blocks":9}