{"gameID":"2018-04-07-ATL-TB","teamID":"cannons","completionPercentage":0.9420289855072463,"completions":390,"huckPercentage":null,"redZonePercentage":null,"holdPercentage":0.5263157894736842,"breakPercentage":0.29411764705882354,"score":-1,"turnovers":24,"blocks":8}