{"gameID":"2018-04-07-MIN-SEA","teamID":"cascades","completionPercentage":0.8783269961977186,"completions":231,"huckPercentage":null,"redZonePercentage":null,"holdPercentage":0.8333333333333334,"breakPercentage":0.12903225806451613,"score":-1,"turnovers":32,"blocks":16}