{"gameID":"2018-04-21-MTL-PHI","teamID":"royal","completionPercentage":0.8841201716738197,"completions":206,"huckPercentage":null,"redZonePercentage":null,"holdPercentage":0.6428571428571429,"breakPercentage":0.13043478260869565,"score":-1,"turnovers":27,"blocks":11}