{"gameID":"2018-04-07-ATL-TB","teamID":"hustle","completionPercentage":0.9190283400809717,"completions":227,"huckPercentage":null,"redZonePercentage":null,"holdPercentage":0.5294117647058824,"breakPercentage":0.42105263157894735,"score":-1,"turnovers":20,"blocks":15}