{"gameID":"2018-05-20-MIN-DET","teamID":"mechanix","completionPercentage":0.8943661971830986,"completions":254,"huckPercentage":null,"redZonePercentage":null,"holdPercentage":0.5555555555555556,"breakPercentage":0.15384615384615385,"score":-1,"turnovers":30,"blocks":14}