{"gameID":"2018-04-21-RAL-NSH","teamID":"flyers","completionPercentage":0.9546925566343042,"completions":295,"huckPercentage":null,"redZonePercentage":null,"holdPercentage":0.8571428571428571,"breakPercentage":0.21212121212121213,"score":-1,"turnovers":14,"blocks":12}