{"gameID":"2018-06-03-OTT-PHI","teamID":"phoenix","completionPercentage":0.8956228956228957,"completions":266,"huckPercentage":null,"redZonePercentage":null,"holdPercentage":0.6521739130434783,"breakPercentage":0.2916666666666667,"score":-1,"turnovers":31,"blocks":13}