{"gameID":"2018-05-05-MAD-MIN","teamID":"windchill","completionPercentage":0.9529411764705882,"completions":405,"huckPercentage":null,"redZonePercentage":null,"holdPercentage":0.6818181818181818,"breakPercentage":0.19047619047619047,"score":-1,"turnovers":20,"blocks":12}