{"gameID":"2018-04-21-OTT-NY","teamID":"empire","completionPercentage":0.9605263157894737,"completions":292,"huckPercentage":null,"redZonePercentage":null,"holdPercentage":0.7777777777777778,"breakPercentage":0.4666666666666667,"score":-1,"turnovers":12,"blocks":12}