{"gameID":"2018-07-07-ATL-RAL","teamID":"hustle","completionPercentage":0.9479166666666666,"completions":273,"huckPercentage":null,"redZonePercentage":null,"holdPercentage":0.7142857142857143,"breakPercentage":0.18518518518518517,"score":-1,"turnovers":15,"blocks":10}