{"gameID":"2018-06-24-LA-SF","teamID":"aviators","completionPercentage":0.9219330855018587,"completions":248,"huckPercentage":null,"redZonePercentage":null,"holdPercentage":0.7692307692307693,"breakPercentage":0.18518518518518517,"score":-1,"turnovers":21,"blocks":16}