{"gameID":"2019-05-18-SJ-LA","teamID":"spiders","completionPercentage":0.9323843416370107,"completions":262,"huckPercentage":null,"redZonePercentage":null,"holdPercentage":0.5925925925925926,"breakPercentage":0.21739130434782608,"score":-1,"turnovers":19,"blocks":12}