{"gameID":"2019-08-11-DAL-NY","teamID":"legion","completionPercentage":0.9641693811074918,"completions":296,"huckPercentage":null,"redZonePercentage":null,"holdPercentage":0.7777777777777778,"breakPercentage":0.041666666666666664,"score":-1,"turnovers":11,"blocks":4}