{"gameID":"2019-05-25-OTT-NY","teamID":"empire","completionPercentage":0.9353448275862069,"completions":217,"huckPercentage":null,"redZonePercentage":null,"holdPercentage":0.6470588235294118,"breakPercentage":0.4090909090909091,"score":-1,"turnovers":15,"blocks":12}}