{"gameID":"2019-06-01-MTL-OTT","teamID":"outlaws","completionPercentage":0.9365853658536586,"completions":192,"huckPercentage":null,"redZonePercentage":null,"holdPercentage":0.7391304347826086,"breakPercentage":0.09523809523809523,"score":-1,"turnovers":13,"blocks":10}