{"gameID":"2019-06-22-LA-SJ","teamID":"spiders","completionPercentage":0.9484536082474226,"completions":276,"huckPercentage":null,"redZonePercentage":null,"holdPercentage":0.7575757575757576,"breakPercentage":0.06896551724137931,"score":-1,"turnovers":15,"blocks":5}