{"gameID":"2019-05-04-OTT-DC","teamID":"breeze","completionPercentage":0.9536679536679536,"completions":247,"huckPercentage":null,"redZonePercentage":null,"holdPercentage":0.9411764705882353,"breakPercentage":0.3076923076923077,"score":-1,"turnovers":12,"blocks":11}