{"gameID":"2019-05-11-DC-NY","teamID":"empire","completionPercentage":0.9506172839506173,"completions":308,"huckPercentage":null,"redZonePercentage":null,"holdPercentage":0.8214285714285714,"breakPercentage":0.10344827586206896,"score":-1,"turnovers":16,"blocks":10}