{"gameID":"2019-05-05-OTT-PHI","teamID":"outlaws","completionPercentage":0.8595744680851064,"completions":202,"huckPercentage":null,"redZonePercentage":null,"holdPercentage":0.4782608695652174,"breakPercentage":0.2777777777777778,"score":-1,"turnovers":33,"blocks":12}