{"gameID":"2019-06-16-DET-CHI","teamID":"mechanix","completionPercentage":0.8416289592760181,"completions":186,"huckPercentage":null,"redZonePercentage":null,"holdPercentage":0.46153846153846156,"breakPercentage":0.2222222222222222,"score":-1,"turnovers":35,"blocks":15}