{"gameID":"2019-06-01-PIT-DET","teamID":"mechanix","completionPercentage":0.9251700680272109,"completions":136,"huckPercentage":null,"redZonePercentage":null,"holdPercentage":0.5263157894736842,"breakPercentage":0.14285714285714285,"score":-1,"turnovers":11,"blocks":2}5}