{"gameID":"2019-06-30-ATL-AUS","teamID":"sol","completionPercentage":0.9358974358974359,"completions":219,"huckPercentage":null,"redZonePercentage":null,"holdPercentage":0.7083333333333334,"breakPercentage":0.17391304347826086,"score":-1,"turnovers":15,"blocks":4}8}