{"gameID":"2019-07-20-LA-SD","teamID":"growlers","completionPercentage":0.9539877300613497,"completions":311,"huckPercentage":null,"redZonePercentage":null,"holdPercentage":0.7391304347826086,"breakPercentage":0.2962962962962963,"score":-1,"turnovers":15,"blocks":12}