{"gameID":"2019-05-18-SJ-LA","teamID":"aviators","completionPercentage":0.9327731092436975,"completions":222,"huckPercentage":null,"redZonePercentage":null,"holdPercentage":0.7391304347826086,"breakPercentage":0.2962962962962963,"score":-1,"turnovers":16,"blocks":12}