{"gameID":"2019-06-29-RAL-TB","teamID":"cannons","completionPercentage":0.9215686274509803,"completions":282,"huckPercentage":null,"redZonePercentage":null,"holdPercentage":0.7083333333333334,"breakPercentage":0.13636363636363635,"score":-1,"turnovers":24,"blocks":12}