{"gameID":"2019-07-13-PHI-OTT","teamID":"phoenix","completionPercentage":0.8617511520737328,"completions":187,"huckPercentage":null,"redZonePercentage":null,"holdPercentage":0.6818181818181818,"breakPercentage":0.19047619047619047,"score":-1,"turnovers":30,"blocks":10}