{"gameID":"2019-06-01-AUS-TB","teamID":"cannons","completionPercentage":0.9431818181818182,"completions":249,"huckPercentage":null,"redZonePercentage":null,"holdPercentage":0.8333333333333334,"breakPercentage":0.34615384615384615,"score":-1,"turnovers":15,"blocks":15}