{"gameID":"2019-05-19-DC-MTL","teamID":"breeze","completionPercentage":0.9244444444444444,"completions":208,"huckPercentage":null,"redZonePercentage":null,"holdPercentage":0.6666666666666666,"breakPercentage":0.2727272727272727,"score":-1,"turnovers":17,"blocks":13}