{"gameID":"2019-04-27-SEA-LA","teamID":"cascades","completionPercentage":0.922509225092251,"completions":250,"huckPercentage":null,"redZonePercentage":null,"holdPercentage":0.6923076923076923,"breakPercentage":0.047619047619047616,"score":-1,"turnovers":21,"blocks":6}