{"gameID":"2019-06-15-SEA-SJ","teamID":"spiders","completionPercentage":0.9192307692307692,"completions":239,"huckPercentage":null,"redZonePercentage":null,"holdPercentage":0.5517241379310345,"breakPercentage":0.32142857142857145,"score":-1,"turnovers":21,"blocks":6}