{"gameID":"2019-05-17-SJ-SD","teamID":"spiders","completionPercentage":0.9360902255639098,"completions":249,"huckPercentage":null,"redZonePercentage":null,"holdPercentage":0.5294117647058824,"breakPercentage":0.09090909090909091,"score":-1,"turnovers":17,"blocks":3}}