{"gameID":"2019-04-27-NY-PHI","teamID":"empire","completionPercentage":0.9135802469135802,"completions":222,"huckPercentage":null,"redZonePercentage":null,"holdPercentage":0.8888888888888888,"breakPercentage":0.3333333333333333,"score":-1,"turnovers":21,"blocks":19}