{"gameID":"2019-07-13-TB-RAL","teamID":"cannons","completionPercentage":0.9063670411985019,"completions":242,"huckPercentage":null,"redZonePercentage":null,"holdPercentage":0.6296296296296297,"breakPercentage":0.2692307692307692,"score":-1,"turnovers":25,"blocks":10}