{"gameID":"2019-07-05-DAL-RAL","teamID":"legion","completionPercentage":0.9341085271317829,"completions":241,"huckPercentage":null,"redZonePercentage":null,"holdPercentage":0.4583333333333333,"breakPercentage":0.23529411764705882,"score":-1,"turnovers":17,"blocks":7}