{"gameID":"2019-07-20-CHI-PIT","teamID":"union","completionPercentage":0.9042553191489362,"completions":170,"huckPercentage":null,"redZonePercentage":null,"holdPercentage":0.5217391304347826,"breakPercentage":0.36363636363636365,"score":-1,"turnovers":18,"blocks":11}