{"gameID":"2019-06-15-MAD-MIN","teamID":"radicals","completionPercentage":0.9007352941176471,"completions":245,"huckPercentage":null,"redZonePercentage":null,"holdPercentage":0.6086956521739131,"breakPercentage":0.23809523809523808,"score":-1,"turnovers":27,"blocks":15}}