{"gameID":"2019-05-04-MTL-TOR","teamID":"rush","completionPercentage":0.9398496240601504,"completions":250,"huckPercentage":null,"redZonePercentage":null,"holdPercentage":0.8333333333333334,"breakPercentage":0.2608695652173913,"score":-1,"turnovers":16,"blocks":12}