{"gameID":"2019-05-11-SD-LA","teamID":"aviators","completionPercentage":0.888268156424581,"completions":159,"huckPercentage":null,"redZonePercentage":null,"holdPercentage":0.6206896551724138,"breakPercentage":0.13043478260869565,"score":-1,"turnovers":20,"blocks":8}3}