{"gameID":"2019-04-27-TOR-OTT","teamID":"rush","completionPercentage":0.8525345622119815,"completions":185,"huckPercentage":null,"redZonePercentage":null,"holdPercentage":0.5333333333333333,"breakPercentage":0.5238095238095238,"score":-1,"turnovers":32,"blocks":15}