{"gameID":"2019-07-14-PIT-IND","teamID":"alleycats","completionPercentage":0.9084249084249084,"completions":248,"huckPercentage":null,"redZonePercentage":null,"holdPercentage":0.5555555555555556,"breakPercentage":0.10526315789473684,"score":-1,"turnovers":25,"blocks":13}