{"gameID":"2019-05-11-DAL-AUS","teamID":"legion","completionPercentage":0.9380530973451328,"completions":212,"huckPercentage":null,"redZonePercentage":null,"holdPercentage":0.6956521739130435,"breakPercentage":0.3333333333333333,"score":-1,"turnovers":14,"blocks":14}