{"gameID":"2019-04-05-RAL-DAL","teamID":"legion","completionPercentage":0.9254901960784314,"completions":236,"huckPercentage":null,"redZonePercentage":null,"holdPercentage":0.6842105263157895,"breakPercentage":0.2857142857142857,"score":-1,"turnovers":19,"blocks":14}