{"gameID":"2019-05-11-RAL-TB","teamID":"cannons","completionPercentage":0.9358108108108109,"completions":277,"huckPercentage":null,"redZonePercentage":null,"holdPercentage":0.5384615384615384,"breakPercentage":0.23809523809523808,"score":-1,"turnovers":19,"blocks":4}