{"gameID":"2019-06-16-DC-PHI","teamID":"breeze","completionPercentage":0.9366666666666666,"completions":281,"huckPercentage":null,"redZonePercentage":null,"holdPercentage":0.7777777777777778,"breakPercentage":0.30434782608695654,"score":-1,"turnovers":19,"blocks":14}