{"gameID":"2019-07-06-DC-TOR","teamID":"rush","completionPercentage":0.9367088607594937,"completions":222,"huckPercentage":null,"redZonePercentage":null,"holdPercentage":0.6956521739130435,"breakPercentage":0.35714285714285715,"score":-1,"turnovers":15,"blocks":10}