{"gameID":"2019-05-04-SD-SEA","teamID":"growlers","completionPercentage":0.9130434782608695,"completions":231,"huckPercentage":null,"redZonePercentage":null,"holdPercentage":0.6296296296296297,"breakPercentage":0.17391304347826086,"score":-1,"turnovers":22,"blocks":12}