{"gameID":"2019-05-11-DAL-AUS","teamID":"sol","completionPercentage":0.9215686274509803,"completions":235,"huckPercentage":null,"redZonePercentage":null,"holdPercentage":0.5555555555555556,"breakPercentage":0.2608695652173913,"score":-1,"turnovers":20,"blocks":10}