{"gameID":"2019-06-16-DC-PHI","teamID":"phoenix","completionPercentage":0.8961038961038961,"completions":207,"huckPercentage":null,"redZonePercentage":null,"holdPercentage":0.5652173913043478,"breakPercentage":0.16666666666666666,"score":-1,"turnovers":24,"blocks":10}