{"gameID":"2019-07-27-DAL-RAL","teamID":"legion","completionPercentage":0.9601328903654485,"completions":289,"huckPercentage":null,"redZonePercentage":null,"holdPercentage":0.6842105263157895,"breakPercentage":0.34782608695652173,"score":-1,"turnovers":12,"blocks":10}