{"gameID":"2019-04-13-SJ-SD","teamID":"spiders","completionPercentage":0.9504643962848297,"completions":307,"huckPercentage":null,"redZonePercentage":null,"holdPercentage":0.6666666666666666,"breakPercentage":0.23076923076923078,"score":-1,"turnovers":16,"blocks":7}