{"gameID":"2019-04-13-SJ-SD","teamID":"growlers","completionPercentage":0.9213973799126638,"completions":211,"huckPercentage":null,"redZonePercentage":null,"holdPercentage":0.7307692307692307,"breakPercentage":0.2222222222222222,"score":-1,"turnovers":18,"blocks":11}