{"gameID":"2019-04-27-SEA-LA","teamID":"aviators","completionPercentage":0.9510204081632653,"completions":233,"huckPercentage":null,"redZonePercentage":null,"holdPercentage":0.8095238095238095,"breakPercentage":0.2962962962962963,"score":-1,"turnovers":12,"blocks":13}