{"gameID":"2019-06-29-SEA-SD","teamID":"growlers","completionPercentage":0.9520295202952029,"completions":258,"huckPercentage":null,"redZonePercentage":null,"holdPercentage":0.7777777777777778,"breakPercentage":0.17857142857142858,"score":-1,"turnovers":13,"blocks":6}