{"gameID":"2019-07-20-LA-SD","teamID":"aviators","completionPercentage":0.9297520661157025,"completions":225,"huckPercentage":null,"redZonePercentage":null,"holdPercentage":0.5925925925925926,"breakPercentage":0.21739130434782608,"score":-1,"turnovers":17,"blocks":10}