{"gameID":"2019-06-02-AUS-ATL","teamID":"hustle","completionPercentage":0.902127659574468,"completions":212,"huckPercentage":null,"redZonePercentage":null,"holdPercentage":0.7037037037037037,"breakPercentage":0.18518518518518517,"score":-1,"turnovers":23,"blocks":12}