{"gameID":"2019-05-19-TB-DAL","teamID":"legion","completionPercentage":0.9304347826086956,"completions":214,"huckPercentage":null,"redZonePercentage":null,"holdPercentage":0.7391304347826086,"breakPercentage":0.36666666666666664,"score":-1,"turnovers":16,"blocks":18}