{"gameID":"2019-04-27-RAL-ATL","teamID":"hustle","completionPercentage":0.9351535836177475,"completions":274,"huckPercentage":null,"redZonePercentage":null,"holdPercentage":0.5217391304347826,"breakPercentage":0.17647058823529413,"score":-1,"turnovers":19,"blocks":5}