{"gameID":"2019-04-27-IND-DET","teamID":"mechanix","completionPercentage":0.9227799227799228,"completions":239,"huckPercentage":null,"redZonePercentage":null,"holdPercentage":0.7142857142857143,"breakPercentage":0.05263157894736842,"score":-1,"turnovers":20,"blocks":11}