{"gameID":"2019-04-20-SD-SJ","teamID":"spiders","completionPercentage":0.8937728937728938,"completions":244,"huckPercentage":null,"redZonePercentage":null,"holdPercentage":0.43478260869565216,"breakPercentage":0.3333333333333333,"score":-1,"turnovers":29,"blocks":12}