{"gameID":"2019-07-13-PHI-OTT","teamID":"outlaws","completionPercentage":0.8755364806866953,"completions":204,"huckPercentage":null,"redZonePercentage":null,"holdPercentage":0.7619047619047619,"breakPercentage":0.18181818181818182,"score":-1,"turnovers":29,"blocks":12}