{"gameID":"2019-07-27-DAL-RAL","teamID":"flyers","completionPercentage":0.903954802259887,"completions":160,"huckPercentage":null,"redZonePercentage":null,"holdPercentage":0.6086956521739131,"breakPercentage":0.15789473684210525,"score":-1,"turnovers":17,"blocks":9}0}