{"gameID":"2019-05-04-LA-SJ","teamID":"aviators","completionPercentage":0.9477351916376306,"completions":272,"huckPercentage":null,"redZonePercentage":null,"holdPercentage":0.7777777777777778,"breakPercentage":0.4074074074074074,"score":-1,"turnovers":15,"blocks":13}