{"gameID":"2019-05-26-MTL-DC","teamID":"breeze","completionPercentage":0.9380165289256198,"completions":227,"huckPercentage":null,"redZonePercentage":null,"holdPercentage":0.9473684210526315,"breakPercentage":0.3103448275862069,"score":-1,"turnovers":15,"blocks":15}