{"gameID":"2019-05-04-SD-SEA","teamID":"cascades","completionPercentage":0.9492063492063492,"completions":299,"huckPercentage":null,"redZonePercentage":null,"holdPercentage":0.782608695652174,"breakPercentage":0.25925925925925924,"score":-1,"turnovers":16,"blocks":12}