{"gameID":"2019-06-15-MAD-MIN","teamID":"windchill","completionPercentage":0.8969957081545065,"completions":209,"huckPercentage":null,"redZonePercentage":null,"holdPercentage":0.6666666666666666,"breakPercentage":0.30434782608695654,"score":-1,"turnovers":24,"blocks":14}