{"gameID":"2019-05-18-TB-AUS","teamID":"sol","completionPercentage":0.9292035398230089,"completions":315,"huckPercentage":null,"redZonePercentage":null,"holdPercentage":0.5909090909090909,"breakPercentage":0.21052631578947367,"score":-1,"turnovers":24,"blocks":11}