{"gameID":"2019-07-13-TB-RAL","teamID":"flyers","completionPercentage":0.9116465863453815,"completions":227,"huckPercentage":null,"redZonePercentage":null,"holdPercentage":0.5769230769230769,"breakPercentage":0.37037037037037035,"score":-1,"turnovers":22,"blocks":18}