{"gameID":"2019-07-06-PIT-DET","teamID":"mechanix","completionPercentage":0.9015748031496063,"completions":229,"huckPercentage":null,"redZonePercentage":null,"holdPercentage":0.5925925925925926,"breakPercentage":0.2692307692307692,"score":-1,"turnovers":25,"blocks":13}":14}