{"gameID":"2019-06-22-CHI-DET","teamID":"union","completionPercentage":0.9101123595505618,"completions":243,"huckPercentage":null,"redZonePercentage":null,"holdPercentage":0.9230769230769231,"breakPercentage":0.46153846153846156,"score":-1,"turnovers":24,"blocks":15}