{"gameID":"2019-07-21-TOR-NY","teamID":"rush","completionPercentage":0.9511400651465798,"completions":292,"huckPercentage":null,"redZonePercentage":null,"holdPercentage":0.6190476190476191,"breakPercentage":0.16666666666666666,"score":-1,"turnovers":15,"blocks":12}