{"gameID":"2019-06-16-DET-CHI","teamID":"union","completionPercentage":0.8951310861423221,"completions":239,"huckPercentage":null,"redZonePercentage":null,"holdPercentage":0.7222222222222222,"breakPercentage":0.4230769230769231,"score":-1,"turnovers":28,"blocks":20}