{"gameID":"2019-04-06-SJ-SEA","teamID":"cascades","completionPercentage":0.9245283018867925,"completions":294,"huckPercentage":null,"redZonePercentage":null,"holdPercentage":0.6451612903225806,"breakPercentage":0.2413793103448276,"score":-1,"turnovers":24,"blocks":13}