{"gameID":"2019-05-18-IND-MIN","teamID":"alleycats","completionPercentage":0.8954248366013072,"completions":274,"huckPercentage":null,"redZonePercentage":null,"holdPercentage":0.6923076923076923,"breakPercentage":0.26666666666666666,"score":-1,"turnovers":32,"blocks":12}