{"gameID":"2019-06-15-OTT-MTL","teamID":"royal","completionPercentage":0.9021739130434783,"completions":249,"huckPercentage":null,"redZonePercentage":null,"holdPercentage":0.5833333333333334,"breakPercentage":0.30434782608695654,"score":-1,"turnovers":27,"blocks":11}