{"gameID":"2019-04-20-AUS-DAL","teamID":"sol","completionPercentage":0.8969465648854962,"completions":235,"huckPercentage":null,"redZonePercentage":null,"holdPercentage":0.6521739130434783,"breakPercentage":0.10526315789473684,"score":-1,"turnovers":27,"blocks":8}:14}