{"gameID":"2019-05-04-LA-SJ","teamID":"spiders","completionPercentage":0.8969957081545065,"completions":209,"huckPercentage":null,"redZonePercentage":null,"holdPercentage":0.48148148148148145,"breakPercentage":0.16666666666666666,"score":-1,"turnovers":24,"blocks":8}