{"gameID":"2019-06-29-SEA-SD","teamID":"cascades","completionPercentage":0.9528301886792453,"completions":303,"huckPercentage":null,"redZonePercentage":null,"holdPercentage":0.7142857142857143,"breakPercentage":0.18518518518518517,"score":-1,"turnovers":15,"blocks":8}