{"gameID":"2019-05-19-TB-DAL","teamID":"cannons","completionPercentage":0.9024390243902439,"completions":222,"huckPercentage":null,"redZonePercentage":null,"holdPercentage":0.5666666666666667,"breakPercentage":0.17391304347826086,"score":-1,"turnovers":24,"blocks":3}