{"gameID":"2019-07-21-TOR-NY","teamID":"empire","completionPercentage":0.9343434343434344,"completions":185,"huckPercentage":null,"redZonePercentage":null,"holdPercentage":0.7777777777777778,"breakPercentage":0.23809523809523808,"score":-1,"turnovers":13,"blocks":11}