{"gameID":"2019-06-29-NY-MTL","teamID":"empire","completionPercentage":0.9317269076305221,"completions":232,"huckPercentage":null,"redZonePercentage":null,"holdPercentage":0.7142857142857143,"breakPercentage":0.2916666666666667,"score":-1,"turnovers":17,"blocks":10}