{"gameID":"2019-04-20-LA-SEA","teamID":"aviators","completionPercentage":0.9205607476635514,"completions":197,"huckPercentage":null,"redZonePercentage":null,"holdPercentage":0.6363636363636364,"breakPercentage":0.38461538461538464,"score":-1,"turnovers":17,"blocks":11}