{"gameID":"2019-04-06-SJ-SEA","teamID":"spiders","completionPercentage":0.9355828220858896,"completions":305,"huckPercentage":null,"redZonePercentage":null,"holdPercentage":0.6896551724137931,"breakPercentage":0.25806451612903225,"score":-1,"turnovers":21,"blocks":14}