{"gameID":"2019-04-20-CHI-MIN","teamID":"union","completionPercentage":0.9446366782006921,"completions":273,"huckPercentage":null,"redZonePercentage":null,"holdPercentage":0.6666666666666666,"breakPercentage":0.2857142857142857,"score":-1,"turnovers":16,"blocks":9}s":11}