{"gameID":"2019-07-06-SD-SJ","teamID":"spiders","completionPercentage":0.8940677966101694,"completions":211,"huckPercentage":null,"redZonePercentage":null,"holdPercentage":0.5714285714285714,"breakPercentage":0.18181818181818182,"score":-1,"turnovers":25,"blocks":8}9}