{"gameID":"2021-06-19-CHI-DET","teamID":"mechanix","completionPercentage":0.8982456140350877,"completions":256,"huckPercentage":0.6363636363636364,"redZonePercentage":0.5714285714285714,"holdPercentage":0.40625,"breakPercentage":0,"score":-1,"turnovers":29,"blocks":6}