{"gameID":"2021-09-11-RAL-NY","teamID":"flyers","completionPercentage":0.9770491803278688,"completions":298,"huckPercentage":0.7142857142857143,"redZonePercentage":0.9285714285714286,"holdPercentage":0.8333333333333334,"breakPercentage":0.19047619047619047,"score":-1,"turnovers":7,"blocks":5}