{"gameID":"2021-06-26-DAL-SD","teamID":"legion","completionPercentage":0.9572368421052632,"completions":291,"huckPercentage":0.25,"redZonePercentage":0.9285714285714286,"holdPercentage":0.7391304347826086,"breakPercentage":0.13636363636363635,"score":-1,"turnovers":13,"blocks":5}":2}