{"gameID":"2021-07-24-SD-AUS","teamID":"growlers","completionPercentage":0.9184549356223176,"completions":214,"huckPercentage":0.875,"redZonePercentage":0.8,"holdPercentage":0.631578947368421,"breakPercentage":0.391304347826087,"score":-1,"turnovers":19,"blocks":15}locks":10}