{"gameID":"2021-07-03-RAL-TB","teamID":"cannons","completionPercentage":0.9024390243902439,"completions":259,"huckPercentage":0.38461538461538464,"redZonePercentage":0.6666666666666666,"holdPercentage":null,"breakPercentage":null,"score":-1,"turnovers":28,"blocks":8}