{"gameID":"2021-07-31-MAD-DET","teamID":"mechanix","completionPercentage":0.9073359073359073,"completions":235,"huckPercentage":0.5454545454545454,"redZonePercentage":0.75,"holdPercentage":0.4583333333333333,"breakPercentage":0.23529411764705882,"score":-1,"turnovers":24,"blocks":6}