{"gameID":"2021-08-12-OTT-MTL","teamID":"royal","completionPercentage":0.9236641221374046,"completions":242,"huckPercentage":0.5384615384615384,"redZonePercentage":0.6842105263157895,"holdPercentage":null,"breakPercentage":null,"score":-1,"turnovers":20,"blocks":15}