{"gameID":"2021-07-25-OTT-MTL","teamID":"outlaws","completionPercentage":0.9272030651340997,"completions":242,"huckPercentage":0.8461538461538461,"redZonePercentage":0.875,"holdPercentage":1,"breakPercentage":0.19230769230769232,"score":-1,"turnovers":19,"blocks":15}