{"gameID":"2021-09-03-RAL-DC","teamID":"flyers","completionPercentage":0.9624060150375939,"completions":256,"huckPercentage":0.6153846153846154,"redZonePercentage":0.8571428571428571,"holdPercentage":0.7647058823529411,"breakPercentage":0.2857142857142857,"score":-1,"turnovers":10,"blocks":12}