{"gameID":"2021-07-10-TB-RAL","teamID":"flyers","completionPercentage":0.9396551724137931,"completions":218,"huckPercentage":0.7142857142857143,"redZonePercentage":0.9047619047619048,"holdPercentage":0.9047619047619048,"breakPercentage":0.36363636363636365,"score":-1,"turnovers":14,"blocks":13}