{"gameID":"2021-06-18-MAD-MIN","teamID":"radicals","completionPercentage":0.9163498098859315,"completions":241,"huckPercentage":0.6666666666666666,"redZonePercentage":0.6,"holdPercentage":0.5769230769230769,"breakPercentage":0.19047619047619047,"score":-1,"turnovers":22,"blocks":8}