{"gameID":"2021-06-26-CHI-IND","teamID":"alleycats","completionPercentage":0.9472049689440993,"completions":305,"huckPercentage":0.7333333333333333,"redZonePercentage":0.5,"holdPercentage":0.6,"breakPercentage":0.09090909090909091,"score":-1,"turnovers":17,"blocks":7}