{"gameID":"2021-08-14-SD-LA","teamID":"growlers","completionPercentage":0.925,"completions":259,"huckPercentage":0.5555555555555556,"redZonePercentage":0.6923076923076923,"holdPercentage":0.7894736842105263,"breakPercentage":0.2608695652173913,"score":-1,"turnovers":21,"blocks":18}