{"gameID":"2021-08-28-DAL-SD","teamID":"growlers","completionPercentage":0.9591836734693877,"completions":235,"huckPercentage":0.7777777777777778,"redZonePercentage":0.9333333333333333,"holdPercentage":0.75,"breakPercentage":0.2916666666666667,"score":-1,"turnovers":10,"blocks":11}