{"gameID":"2021-06-19-PIT-PHI","teamID":"phoenix","completionPercentage":0.9307958477508651,"completions":269,"huckPercentage":0.7777777777777778,"redZonePercentage":0.7368421052631579,"holdPercentage":0.9,"breakPercentage":0.32142857142857145,"score":-1,"turnovers":20,"blocks":15}