{"gameID":"2021-08-21-CHI-DET","teamID":"union","completionPercentage":0.9224137931034483,"completions":214,"huckPercentage":0.6190476190476191,"redZonePercentage":0.8333333333333334,"holdPercentage":0.8571428571428571,"breakPercentage":0.3548387096774194,"score":-1,"turnovers":18,"blocks":16}