{"gameID":"2021-06-26-PHI-ATL","teamID":"hustle","completionPercentage":0.9451476793248945,"completions":224,"huckPercentage":0.6666666666666666,"redZonePercentage":1,"holdPercentage":0.8333333333333334,"breakPercentage":0.36,"score":-1,"turnovers":13,"blocks":14}4}