{"gameID":"2021-08-29-MTL-TOR","teamID":"rush","completionPercentage":0.8578680203045685,"completions":169,"huckPercentage":0.8888888888888888,"redZonePercentage":0.75,"holdPercentage":0.6296296296296297,"breakPercentage":0.05263157894736842,"score":-1,"turnovers":28,"blocks":13}