{"gameID":"2021-08-14-MIN-DET","teamID":"windchill","completionPercentage":0.9523809523809523,"completions":240,"huckPercentage":0.5833333333333334,"redZonePercentage":0.875,"holdPercentage":0.8823529411764706,"breakPercentage":0.36,"score":-1,"turnovers":12,"blocks":7}