{"gameID":"2021-06-04-DET-IND","teamID":"mechanix","completionPercentage":0.9290123456790124,"completions":301,"huckPercentage":0.5454545454545454,"redZonePercentage":0.8181818181818182,"holdPercentage":0.625,"breakPercentage":0.045454545454545456,"score":-1,"turnovers":23,"blocks":8}