{"gameID":"2021-08-07-TOR-MTL","teamID":"rush","completionPercentage":0.9036697247706422,"completions":197,"huckPercentage":0.5,"redZonePercentage":0.7857142857142857,"holdPercentage":0.65,"breakPercentage":0.16666666666666666,"score":-1,"turnovers":21,"blocks":11}