{"gameID":"2021-08-07-DET-CHI","teamID":"union","completionPercentage":0.9076305220883534,"completions":226,"huckPercentage":0.5833333333333334,"redZonePercentage":0.6,"holdPercentage":0.8235294117647058,"breakPercentage":0.2727272727272727,"score":-1,"turnovers":23,"blocks":13}