{"gameID":"2021-06-05-RAL-ATL","teamID":"flyers","completionPercentage":0.9546599496221663,"completions":379,"huckPercentage":0.5,"redZonePercentage":0.7777777777777778,"holdPercentage":0.65,"breakPercentage":0.23809523809523808,"score":-1,"turnovers":18,"blocks":6}