{"gameID":"2021-09-10-SD-NY","teamID":"empire","completionPercentage":0.945054945054945,"completions":258,"huckPercentage":0.5454545454545454,"redZonePercentage":0.8947368421052632,"holdPercentage":0.7,"breakPercentage":0.34782608695652173,"score":-1,"turnovers":15,"blocks":15}9}