{"gameID":"2021-07-31-SEA-SD","teamID":"cascades","completionPercentage":0.9368770764119602,"completions":282,"huckPercentage":0.5,"redZonePercentage":0.875,"holdPercentage":0.7727272727272727,"breakPercentage":0.13636363636363635,"score":-1,"turnovers":19,"blocks":11},"blocks":9}