{"gameID":"2021-08-29-MTL-TOR","teamID":"royal","completionPercentage":0.908256880733945,"completions":198,"huckPercentage":0.625,"redZonePercentage":0.8421052631578947,"holdPercentage":0.8947368421052632,"breakPercentage":0.2962962962962963,"score":-1,"turnovers":20,"blocks":13}