{"gameID":"2021-08-21-ATL-PIT","teamID":"hustle","completionPercentage":0.94140625,"completions":241,"huckPercentage":0.6666666666666666,"redZonePercentage":0.7333333333333333,"holdPercentage":0.7142857142857143,"breakPercentage":0.21428571428571427,"score":-1,"turnovers":15,"blocks":11}