{"gameID":"2021-06-19-ATL-TB","teamID":"hustle","completionPercentage":0.9074889867841409,"completions":206,"huckPercentage":0.631578947368421,"redZonePercentage":0.75,"holdPercentage":0.7333333333333333,"breakPercentage":0.52,"score":-1,"turnovers":21,"blocks":14}