{"gameID":"2021-09-11-RAL-NY","teamID":"empire","completionPercentage":0.9629629629629629,"completions":260,"huckPercentage":0.4,"redZonePercentage":0.8125,"holdPercentage":0.7142857142857143,"breakPercentage":0.05555555555555555,"score":-1,"turnovers":10,"blocks":4}