{"gameID":"2021-06-25-AUS-SEA","teamID":"sol","completionPercentage":0.9301587301587302,"completions":293,"huckPercentage":0.5454545454545454,"redZonePercentage":0.875,"holdPercentage":0.6,"breakPercentage":0.23076923076923078,"score":-1,"turnovers":22,"blocks":9}