{"gameID":"2021-08-22-MTL-OTT","teamID":"royal","completionPercentage":0.9014778325123153,"completions":183,"huckPercentage":0.6956521739130435,"redZonePercentage":0.8571428571428571,"holdPercentage":0.6666666666666666,"breakPercentage":0.25,"score":-1,"turnovers":20,"blocks":6}