{"gameID":"2021-06-04-DC-NY","teamID":"breeze","completionPercentage":0.9690721649484536,"completions":282,"huckPercentage":1,"redZonePercentage":0.8095238095238095,"holdPercentage":0.7368421052631579,"breakPercentage":0.2,"score":-1,"turnovers":9,"blocks":7}