{"gameID":"2021-08-29-MIN-CHI","teamID":"union","completionPercentage":0.9409448818897638,"completions":239,"huckPercentage":0.6363636363636364,"redZonePercentage":0.875,"holdPercentage":0.7619047619047619,"breakPercentage":0.21739130434782608,"score":-1,"turnovers":15,"blocks":10}