{"gameID":"2021-09-09-TOR-MTL","teamID":"royal","completionPercentage":0.9437229437229437,"completions":218,"huckPercentage":0.6428571428571429,"redZonePercentage":0.7777777777777778,"holdPercentage":0.75,"breakPercentage":0.19047619047619047,"score":-1,"turnovers":13,"blocks":7}