{"gameID":"2021-06-13-LA-SD","teamID":"growlers","completionPercentage":0.9102564102564102,"completions":213,"huckPercentage":0.5384615384615384,"redZonePercentage":0.6470588235294118,"holdPercentage":null,"breakPercentage":null,"score":-1,"turnovers":21,"blocks":12}