{"gameID":"2021-07-17-DET-MIN","teamID":"windchill","completionPercentage":0.92,"completions":207,"huckPercentage":0.7692307692307693,"redZonePercentage":0.75,"holdPercentage":0.8461538461538461,"breakPercentage":0.5185185185185185,"score":-1,"turnovers":18,"blocks":19}