{"gameID":"2021-06-26-DET-MIN","teamID":"mechanix","completionPercentage":0.9044117647058824,"completions":246,"huckPercentage":0.5714285714285714,"redZonePercentage":0.75,"holdPercentage":0.4838709677419355,"breakPercentage":0.10526315789473684,"score":-1,"turnovers":26,"blocks":8}:16,"blocks":13}