{"gameID":"2021-06-18-NY-PIT","teamID":"empire","completionPercentage":0.8872549019607843,"completions":181,"huckPercentage":0.47058823529411764,"redZonePercentage":0.7777777777777778,"holdPercentage":null,"breakPercentage":null,"score":-1,"turnovers":23,"blocks":10}