{"gameID":"2021-08-07-SJ-SEA","teamID":"spiders","completionPercentage":0.9227642276422764,"completions":227,"huckPercentage":0.4444444444444444,"redZonePercentage":0.9285714285714286,"holdPercentage":0.8125,"breakPercentage":0.4,"score":-1,"turnovers":19,"blocks":11}