{"gameID":"2021-08-07-RAL-NY","teamID":"empire","completionPercentage":0.9391025641025641,"completions":293,"huckPercentage":0.5,"redZonePercentage":0.75,"holdPercentage":0.6923076923076923,"breakPercentage":0.23076923076923078,"score":-1,"turnovers":19,"blocks":10}1,"turnovers":19,"blocks":8}