{"gameID":"2021-06-20-SD-SEA","teamID":"growlers","completionPercentage":0.8955223880597015,"completions":240,"huckPercentage":0.4666666666666667,"redZonePercentage":0.6,"holdPercentage":0.6666666666666666,"breakPercentage":0.3,"score":-1,"turnovers":28,"blocks":15}