{"gameID":"2021-06-25-TB-BOS","teamID":"cannons","completionPercentage":0.8789237668161435,"completions":196,"huckPercentage":0.4166666666666667,"redZonePercentage":0.6923076923076923,"holdPercentage":0.52,"breakPercentage":0.21052631578947367,"score":-1,"turnovers":27,"blocks":13}