{"gameID":"2021-06-18-SD-SJ","teamID":"growlers","completionPercentage":0.9285714285714286,"completions":247,"huckPercentage":0.5714285714285714,"redZonePercentage":0.7692307692307693,"holdPercentage":0.8823529411764706,"breakPercentage":0.32,"score":-1,"turnovers":19,"blocks":9}