{"gameID":"2021-06-12-DET-IND","teamID":"mechanix","completionPercentage":0.9149659863945578,"completions":269,"huckPercentage":0.5294117647058824,"redZonePercentage":0.6923076923076923,"holdPercentage":0.4666666666666667,"breakPercentage":0.1111111111111111,"score":-1,"turnovers":25,"blocks":5}7}