{"gameID":"2021-06-26-AUS-SJ","teamID":"sol","completionPercentage":0.9285714285714286,"completions":299,"huckPercentage":0.5,"redZonePercentage":0.7391304347826086,"holdPercentage":0.6333333333333333,"breakPercentage":0.16,"score":-1,"turnovers":23,"blocks":13}:14}