{"gameID":"2021-06-05-SJ-SEA","teamID":"cascades","completionPercentage":0.9405594405594405,"completions":269,"huckPercentage":0.4666666666666667,"redZonePercentage":0.8888888888888888,"holdPercentage":0.6956521739130435,"breakPercentage":0.32,"score":-1,"turnovers":17,"blocks":5}