{"gameID":"2021-06-13-LA-SD","teamID":"aviators","completionPercentage":0.926530612244898,"completions":227,"huckPercentage":0.7272727272727273,"redZonePercentage":0.8,"holdPercentage":0.75,"breakPercentage":0.23809523809523808,"score":-1,"turnovers":18,"blocks":5}