{"gameID":"2021-07-17-RAL-PIT","teamID":"flyers","completionPercentage":0.934156378600823,"completions":227,"huckPercentage":0.5789473684210527,"redZonePercentage":0.9047619047619048,"holdPercentage":0.9444444444444444,"breakPercentage":0.37037037037037035,"score":-1,"turnovers":16,"blocks":14}cks":7}