{"gameID":"2021-07-02-SEA-AUS","teamID":"sol","completionPercentage":0.9321428571428572,"completions":261,"huckPercentage":0.5833333333333334,"redZonePercentage":0.8421052631578947,"holdPercentage":0.5555555555555556,"breakPercentage":0.48,"score":-1,"turnovers":19,"blocks":16}":8}