{"gameID":"2021-08-08-DC-PIT","teamID":"breeze","completionPercentage":0.9345454545454546,"completions":257,"huckPercentage":0.6153846153846154,"redZonePercentage":0.7894736842105263,"holdPercentage":null,"breakPercentage":null,"score":-1,"turnovers":18,"blocks":16}