{"gameID":"2021-08-21-RAL-DC","teamID":"breeze","completionPercentage":0.9503105590062112,"completions":306,"huckPercentage":0.6153846153846154,"redZonePercentage":0.8421052631578947,"holdPercentage":0.7083333333333334,"breakPercentage":0.22727272727272727,"score":-1,"turnovers":16,"blocks":9}