{"gameID":"2021-08-21-CHI-DET","teamID":"mechanix","completionPercentage":0.9124579124579124,"completions":271,"huckPercentage":0.5625,"redZonePercentage":0.625,"holdPercentage":0.5483870967741935,"breakPercentage":0.09523809523809523,"score":-1,"turnovers":26,"blocks":8}