{"gameID":"2021-07-31-PIT-ATL","teamID":"thunderbirds","completionPercentage":0.9635854341736695,"completions":344,"huckPercentage":0.6363636363636364,"redZonePercentage":0.875,"holdPercentage":0.6896551724137931,"breakPercentage":0.08695652173913043,"score":-1,"turnovers":13,"blocks":5}