{"gameID":"2021-06-18-LA-DAL","teamID":"legion","completionPercentage":0.9283276450511946,"completions":272,"huckPercentage":0.6,"redZonePercentage":0.7142857142857143,"holdPercentage":0.7142857142857143,"breakPercentage":0.47619047619047616,"score":-1,"turnovers":21,"blocks":16}