{"gameID":"2021-08-14-MTL-TOR","teamID":"rush","completionPercentage":0.8994974874371859,"completions":179,"huckPercentage":0.9,"redZonePercentage":0.75,"holdPercentage":0.6666666666666666,"breakPercentage":0.23809523809523808,"score":-1,"turnovers":20,"blocks":9}