{"gameID":"2021-08-22-MTL-OTT","teamID":"outlaws","completionPercentage":0.9288702928870293,"completions":222,"huckPercentage":0.6153846153846154,"redZonePercentage":0.8666666666666667,"holdPercentage":0.7083333333333334,"breakPercentage":0.2962962962962963,"score":-1,"turnovers":17,"blocks":10}