{"gameID":"2021-08-13-NY-PHI","teamID":"phoenix","completionPercentage":0.9230769230769231,"completions":204,"huckPercentage":0.5,"redZonePercentage":0.9230769230769231,"holdPercentage":0.75,"breakPercentage":0.19047619047619047,"score":-1,"turnovers":17,"blocks":8}