{"gameID":"2021-06-04-DC-NY","teamID":"empire","completionPercentage":0.9545454545454546,"completions":210,"huckPercentage":0.7142857142857143,"redZonePercentage":0.9166666666666666,"holdPercentage":null,"breakPercentage":null,"score":-1,"turnovers":10,"blocks":5}