{"gameID":"2021-08-14-MTL-TOR","teamID":"royal","completionPercentage":0.9262295081967213,"completions":226,"huckPercentage":0.625,"redZonePercentage":0.9090909090909091,"holdPercentage":0.7142857142857143,"breakPercentage":0.19047619047619047,"score":-1,"turnovers":18,"blocks":8}