{"gameID":"2021-07-17-DAL-SJ","teamID":"spiders","completionPercentage":0.9096385542168675,"completions":151,"huckPercentage":0.75,"redZonePercentage":0.8181818181818182,"holdPercentage":0.7083333333333334,"breakPercentage":0.14285714285714285,"score":-1,"turnovers":15,"blocks":3}