{"gameID":"2021-07-24-LA-SJ","teamID":"aviators","completionPercentage":0.9325842696629213,"completions":249,"huckPercentage":0.6666666666666666,"redZonePercentage":0.7777777777777778,"holdPercentage":0.7,"breakPercentage":0.2727272727272727,"score":-1,"turnovers":18,"blocks":10}