{"gameID":"2021-06-20-IND-MAD","teamID":"radicals","completionPercentage":0.9283154121863799,"completions":259,"huckPercentage":0.5454545454545454,"redZonePercentage":0.8181818181818182,"holdPercentage":0.5909090909090909,"breakPercentage":0.44,"score":-1,"turnovers":20,"blocks":12}