{"gameID":"2021-07-17-DAL-SJ","teamID":"legion","completionPercentage":0.9689922480620154,"completions":375,"huckPercentage":0.5454545454545454,"redZonePercentage":0.8571428571428571,"holdPercentage":0.8095238095238095,"breakPercentage":0.24,"score":-1,"turnovers":12,"blocks":9}3}