{"gameID":"2021-07-31-IND-MIN","teamID":"alleycats","completionPercentage":0.9010989010989011,"completions":246,"huckPercentage":0.5384615384615384,"redZonePercentage":0.5,"holdPercentage":0.6842105263157895,"breakPercentage":0.16666666666666666,"score":-1,"turnovers":27,"blocks":14}:25,"blocks":8}