{"gameID":"2021-08-21-TOR-MTL","teamID":"rush","completionPercentage":0.9107142857142857,"completions":204,"huckPercentage":0.8571428571428571,"redZonePercentage":0.9444444444444444,"holdPercentage":0.5925925925925926,"breakPercentage":0.2916666666666667,"score":-1,"turnovers":20,"blocks":8}