{"gameID":"2021-06-18-BOS-DC","teamID":"breeze","completionPercentage":0.9766666666666667,"completions":293,"huckPercentage":0.7857142857142857,"redZonePercentage":1,"holdPercentage":0.9523809523809523,"breakPercentage":0.35294117647058826,"score":-1,"turnovers":7,"blocks":12}