{"gameID":"2021-06-04-MIN-MAD","teamID":"windchill","completionPercentage":0.9363867684478372,"completions":368,"huckPercentage":0.45454545454545453,"redZonePercentage":0.6086956521739131,"holdPercentage":null,"breakPercentage":null,"score":-1,"turnovers":25,"blocks":19}