{"gameID":"2021-06-11-ATL-BOS","teamID":"hustle","completionPercentage":0.9211822660098522,"completions":187,"huckPercentage":0.8571428571428571,"redZonePercentage":0.5833333333333334,"holdPercentage":0.6666666666666666,"breakPercentage":0.3181818181818182,"score":-1,"turnovers":16,"blocks":11}