{"gameID":"2021-07-02-NY-DC","teamID":"empire","completionPercentage":0.9242424242424242,"completions":244,"huckPercentage":0.5,"redZonePercentage":0.8666666666666667,"holdPercentage":0.6818181818181818,"breakPercentage":0.10526315789473684,"score":-1,"turnovers":20,"blocks":9}}