{"gameID":"2021-06-12-PIT-TB","teamID":"cannons","completionPercentage":0.9017543859649123,"completions":257,"huckPercentage":0.5,"redZonePercentage":0.7142857142857143,"holdPercentage":0.6470588235294118,"breakPercentage":0.35,"score":-1,"turnovers":28,"blocks":16}