{"gameID":"2021-08-28-OTT-TOR","teamID":"rush","completionPercentage":0.9239543726235742,"completions":243,"huckPercentage":1,"redZonePercentage":0.75,"holdPercentage":0.8666666666666667,"breakPercentage":0.391304347826087,"score":-1,"turnovers":20,"blocks":16}