{"gameID":"2021-08-07-DAL-AUS","teamID":"sol","completionPercentage":0.9146341463414634,"completions":225,"huckPercentage":0.5384615384615384,"redZonePercentage":0.9473684210526315,"holdPercentage":null,"breakPercentage":null,"score":-1,"turnovers":21,"blocks":12}10}