{"gameID":"2021-08-20-BOS-NY","teamID":"empire","completionPercentage":0.9732441471571907,"completions":291,"huckPercentage":0.7692307692307693,"redZonePercentage":0.8421052631578947,"holdPercentage":0.782608695652174,"breakPercentage":0.25925925925925924,"score":-1,"turnovers":8,"blocks":10}