{"gameID":"2021-08-14-MIN-DET","teamID":"mechanix","completionPercentage":0.9263565891472868,"completions":239,"huckPercentage":0.5,"redZonePercentage":0.5833333333333334,"holdPercentage":0.52,"breakPercentage":0.11764705882352941,"score":-1,"turnovers":19,"blocks":7}