{"gameID":"2021-08-29-NY-BOS","teamID":"glory","completionPercentage":0.9221311475409836,"completions":225,"huckPercentage":0.5384615384615384,"redZonePercentage":0.6842105263157895,"holdPercentage":null,"breakPercentage":null,"score":-1,"turnovers":19,"blocks":12}