{"gameID":"2021-07-17-ATL-DC","teamID":"breeze","completionPercentage":0.9544419134396356,"completions":419,"huckPercentage":0.2857142857142857,"redZonePercentage":0.7,"holdPercentage":0.3684210526315789,"breakPercentage":0.3333333333333333,"score":-1,"turnovers":20,"blocks":10}