{"gameID":"2021-08-08-DC-PIT","teamID":"thunderbirds","completionPercentage":0.8861788617886179,"completions":218,"huckPercentage":0.7,"redZonePercentage":0.9090909090909091,"holdPercentage":0.4230769230769231,"breakPercentage":0.29411764705882354,"score":-1,"turnovers":28,"blocks":11}