{"gameID":"2021-06-20-SD-SEA","teamID":"cascades","completionPercentage":0.8854961832061069,"completions":232,"huckPercentage":0.6,"redZonePercentage":0.6923076923076923,"holdPercentage":0.6,"breakPercentage":0.2222222222222222,"score":-1,"turnovers":30,"blocks":12}