{"gameID":"2021-06-19-CHI-DET","teamID":"union","completionPercentage":0.9602888086642599,"completions":266,"huckPercentage":0.5,"redZonePercentage":0.896551724137931,"holdPercentage":0.9333333333333333,"breakPercentage":0.5,"score":-1,"turnovers":11,"blocks":18}