{"gameID":"2021-06-19-BOS-RAL","teamID":"flyers","completionPercentage":0.9461538461538461,"completions":246,"huckPercentage":0.75,"redZonePercentage":0.9473684210526315,"holdPercentage":0.8333333333333334,"breakPercentage":0.2413793103448276,"score":-1,"turnovers":14,"blocks":12}