{"gameID":"2021-08-20-SJ-SD","teamID":"growlers","completionPercentage":0.952054794520548,"completions":278,"huckPercentage":1,"redZonePercentage":0.8947368421052632,"holdPercentage":0.6363636363636364,"breakPercentage":0.4,"score":-1,"turnovers":14,"blocks":7}