{"gameID":"2021-08-22-MAD-MIN","teamID":"windchill","completionPercentage":0.9184397163120568,"completions":259,"huckPercentage":0.7,"redZonePercentage":0.7857142857142857,"holdPercentage":0.625,"breakPercentage":0.42857142857142855,"score":-1,"turnovers":23,"blocks":13}