{"gameID":"2021-08-12-OTT-MTL","teamID":"outlaws","completionPercentage":0.8939393939393939,"completions":177,"huckPercentage":0.8,"redZonePercentage":0.7857142857142857,"holdPercentage":0.5789473684210527,"breakPercentage":0.2777777777777778,"score":-1,"turnovers":21,"blocks":10}