{"gameID":"2021-07-24-CHI-MIN","teamID":"windchill","completionPercentage":0.9184397163120568,"completions":259,"huckPercentage":0.7692307692307693,"redZonePercentage":0.6428571428571429,"holdPercentage":0.6818181818181818,"breakPercentage":0.058823529411764705,"score":-1,"turnovers":23,"blocks":13}