{"gameID":"2021-08-06-DC-PHI","teamID":"phoenix","completionPercentage":0.8645833333333334,"completions":166,"huckPercentage":0.4166666666666667,"redZonePercentage":0.8888888888888888,"holdPercentage":null,"breakPercentage":null,"score":-1,"turnovers":26,"blocks":11}