{"gameID":"2021-09-04-ATL-NY","teamID":"empire","completionPercentage":0.9584664536741214,"completions":300,"huckPercentage":0.5714285714285714,"redZonePercentage":0.75,"holdPercentage":0.7391304347826086,"breakPercentage":0.20833333333333334,"score":-1,"turnovers":13,"blocks":8}