{"gameID":"2021-06-27-DET-MAD","teamID":"radicals","completionPercentage":0.9583333333333334,"completions":253,"huckPercentage":0.75,"redZonePercentage":0.9047619047619048,"holdPercentage":0.85,"breakPercentage":0.3870967741935484,"score":-1,"turnovers":11,"blocks":8},"blocks":5}