{"gameID":"2021-07-16-ATL-PHI","teamID":"phoenix","completionPercentage":0.9228070175438596,"completions":263,"huckPercentage":0.5714285714285714,"redZonePercentage":0.8571428571428571,"holdPercentage":0.6666666666666666,"breakPercentage":0.058823529411764705,"score":-1,"turnovers":22,"blocks":7}