{"gameID":"2021-07-17-IND-MAD","teamID":"alleycats","completionPercentage":0.9288537549407114,"completions":235,"huckPercentage":0.6153846153846154,"redZonePercentage":0.6666666666666666,"holdPercentage":0.5263157894736842,"breakPercentage":0.2777777777777778,"score":-1,"turnovers":18,"blocks":11}