{"gameID":"2021-06-12-MIN-CHI","teamID":"union","completionPercentage":0.958904109589041,"completions":210,"huckPercentage":0.8571428571428571,"redZonePercentage":1,"holdPercentage":0.7894736842105263,"breakPercentage":0.32,"score":-1,"turnovers":9,"blocks":5}