{"gameID":"2021-08-14-ATL-RAL","teamID":"hustle","completionPercentage":0.8984771573604061,"completions":177,"huckPercentage":0.75,"redZonePercentage":0.8461538461538461,"holdPercentage":0.5454545454545454,"breakPercentage":0.3157894736842105,"score":-1,"turnovers":20,"blocks":9}