{"gameID":"2021-07-31-PHI-DC","teamID":"breeze","completionPercentage":0.9748743718592965,"completions":388,"huckPercentage":0.5555555555555556,"redZonePercentage":0.75,"holdPercentage":1,"breakPercentage":0.34782608695652173,"score":-1,"turnovers":10,"blocks":13}