{"gameID":"2021-06-19-PIT-PHI","teamID":"thunderbirds","completionPercentage":0.8687782805429864,"completions":192,"huckPercentage":0.5714285714285714,"redZonePercentage":0.75,"holdPercentage":0.6071428571428571,"breakPercentage":0.05,"score":-1,"turnovers":29,"blocks":11}