{"gameID":"2021-07-30-PIT-RAL","teamID":"thunderbirds","completionPercentage":0.9405594405594405,"completions":269,"huckPercentage":0.5,"redZonePercentage":0.7692307692307693,"holdPercentage":0.7272727272727273,"breakPercentage":0.05263157894736842,"score":-1,"turnovers":17,"blocks":7}locks":8}