{"gameID":"2021-08-14-PIT-NY","teamID":"thunderbirds","completionPercentage":0.927536231884058,"completions":256,"huckPercentage":0.3333333333333333,"redZonePercentage":0.7058823529411765,"holdPercentage":0.5909090909090909,"breakPercentage":0.1875,"score":-1,"turnovers":20,"blocks":10}