{"gameID":"2021-08-21-RAL-DC","teamID":"flyers","completionPercentage":0.9573863636363636,"completions":337,"huckPercentage":0.5,"redZonePercentage":0.8947368421052632,"holdPercentage":0.6086956521739131,"breakPercentage":0.2916666666666667,"score":-1,"turnovers":15,"blocks":7}":16,"blocks":9}