{"gameID":"2021-08-13-NY-PHI","teamID":"empire","completionPercentage":0.9461279461279462,"completions":281,"huckPercentage":0.6666666666666666,"redZonePercentage":0.7272727272727273,"holdPercentage":0.7142857142857143,"breakPercentage":0.23809523809523808,"score":-1,"turnovers":16,"blocks":8}