{"gameID":"2021-08-20-BOS-NY","teamID":"glory","completionPercentage":0.9447004608294931,"completions":205,"huckPercentage":0.6666666666666666,"redZonePercentage":0.8666666666666667,"holdPercentage":0.7037037037037037,"breakPercentage":0.08695652173913043,"score":-1,"turnovers":12,"blocks":6}