{"gameID":"2021-07-11-MIN-CHI","teamID":"union","completionPercentage":0.932806324110672,"completions":236,"huckPercentage":0.4444444444444444,"redZonePercentage":0.9444444444444444,"holdPercentage":0.65,"breakPercentage":0.25,"score":-1,"turnovers":17,"blocks":11}