{"gameID":"2021-07-02-MAD-CHI","teamID":"radicals","completionPercentage":0.9554794520547946,"completions":279,"huckPercentage":0.42857142857142855,"redZonePercentage":0.7692307692307693,"holdPercentage":0.65,"breakPercentage":0.125,"score":-1,"turnovers":13,"blocks":7}