{"gameID":"2021-09-03-RAL-DC","teamID":"breeze","completionPercentage":0.946236559139785,"completions":264,"huckPercentage":0.5384615384615384,"redZonePercentage":0.7272727272727273,"holdPercentage":0.6190476190476191,"breakPercentage":0.17647058823529413,"score":-1,"turnovers":15,"blocks":4}