{"gameID":"2021-08-14-ATL-RAL","teamID":"flyers","completionPercentage":0.9426751592356688,"completions":296,"huckPercentage":0.5,"redZonePercentage":0.8333333333333334,"holdPercentage":0.6842105263157895,"breakPercentage":0.3181818181818182,"score":-1,"turnovers":18,"blocks":10}