{"gameID":"2021-06-19-ATL-TB","teamID":"cannons","completionPercentage":0.8854166666666666,"completions":255,"huckPercentage":0.38461538461538464,"redZonePercentage":0.7272727272727273,"holdPercentage":0.4,"breakPercentage":0.2,"score":-1,"turnovers":33,"blocks":6}