{"gameID":"2021-07-18-AUS-SD","teamID":"growlers","completionPercentage":0.861878453038674,"completions":156,"huckPercentage":1,"redZonePercentage":0.7368421052631579,"holdPercentage":0.6666666666666666,"breakPercentage":0.30434782608695654,"score":-1,"turnovers":25,"blocks":10},"blocks":17}