{"gameID":"2021-08-08-MTL-OTT","teamID":"royal","completionPercentage":0.9192982456140351,"completions":262,"huckPercentage":0.6428571428571429,"redZonePercentage":0.8571428571428571,"holdPercentage":0.75,"breakPercentage":0.2916666666666667,"score":-1,"turnovers":23,"blocks":15}