{"gameID":"2021-08-14-SD-LA","teamID":"aviators","completionPercentage":0.9,"completions":225,"huckPercentage":0.4444444444444444,"redZonePercentage":0.8571428571428571,"holdPercentage":0.6086956521739131,"breakPercentage":0.15789473684210525,"score":-1,"turnovers":25,"blocks":4}8}