{"gameID":"2021-08-20-SJ-SD","teamID":"spiders","completionPercentage":0.9357429718875502,"completions":233,"huckPercentage":0.875,"redZonePercentage":0.7368421052631579,"holdPercentage":0.6,"breakPercentage":0.2727272727272727,"score":-1,"turnovers":16,"blocks":8}