{"gameID":"2021-07-23-SD-DAL","teamID":"legion","completionPercentage":0.9503105590062112,"completions":306,"huckPercentage":0.4166666666666667,"redZonePercentage":0.875,"holdPercentage":0.7647058823529411,"breakPercentage":0.2857142857142857,"score":-1,"turnovers":16,"blocks":11}19,"blocks":3}