{"gameID":"2021-06-04-TB-PHI","teamID":"cannons","completionPercentage":0.8868778280542986,"completions":196,"huckPercentage":0.4375,"redZonePercentage":0.6875,"holdPercentage":0.4782608695652174,"breakPercentage":0.2222222222222222,"score":-1,"turnovers":25,"blocks":10}locks":14}