{"gameID":"2021-07-16-ATL-PHI","teamID":"hustle","completionPercentage":0.9304347826086956,"completions":214,"huckPercentage":0.5,"redZonePercentage":0.625,"holdPercentage":0.8235294117647058,"breakPercentage":0.2727272727272727,"score":-1,"turnovers":16,"blocks":12}