{"gameID":"2021-08-29-DC-TB","teamID":"cannons","completionPercentage":0.8943661971830986,"completions":254,"huckPercentage":0.5,"redZonePercentage":0.7692307692307693,"holdPercentage":0.5,"breakPercentage":0.058823529411764705,"score":-1,"turnovers":30,"blocks":10}