{"gameID":"2021-06-18-LA-DAL","teamID":"aviators","completionPercentage":0.8739495798319328,"completions":208,"huckPercentage":0.4444444444444444,"redZonePercentage":0.6363636363636364,"holdPercentage":0.47619047619047616,"breakPercentage":0.125,"score":-1,"turnovers":30,"blocks":7}