{"gameID":"2021-06-04-TB-PHI","teamID":"phoenix","completionPercentage":0.9212598425196851,"completions":234,"huckPercentage":0.5833333333333334,"redZonePercentage":0.625,"holdPercentage":0.6666666666666666,"breakPercentage":0.391304347826087,"score":-1,"turnovers":20,"blocks":14}