{"gameID":"2021-06-05-BOS-PIT","teamID":"glory","completionPercentage":0.9425287356321839,"completions":246,"huckPercentage":0.6666666666666666,"redZonePercentage":0.8333333333333334,"holdPercentage":0.8181818181818182,"breakPercentage":0.36666666666666664,"score":-1,"turnovers":15,"blocks":15}