{"gameID":"2021-08-07-TB-ATL","teamID":"hustle","completionPercentage":0.9324324324324325,"completions":207,"huckPercentage":0.6666666666666666,"redZonePercentage":0.6,"holdPercentage":0.8260869565217391,"breakPercentage":0.047619047619047616,"score":-1,"turnovers":15,"blocks":7}14,"blocks":9}