{"gameID":"2021-08-28-OTT-TOR","teamID":"outlaws","completionPercentage":0.8505154639175257,"completions":165,"huckPercentage":0.6,"redZonePercentage":0.6153846153846154,"holdPercentage":0.4782608695652174,"breakPercentage":0.13333333333333333,"score":-1,"turnovers":29,"blocks":13}