{"gameID":"2021-07-31-NY-TB","teamID":"cannons","completionPercentage":0.9266409266409267,"completions":240,"huckPercentage":0.6363636363636364,"redZonePercentage":0.875,"holdPercentage":0.5555555555555556,"breakPercentage":0.15789473684210525,"score":-1,"turnovers":19,"blocks":4}