{"gameID":"2021-06-19-LA-AUS","teamID":"sol","completionPercentage":0.9299719887955182,"completions":332,"huckPercentage":0.3333333333333333,"redZonePercentage":0.6,"holdPercentage":0.7619047619047619,"breakPercentage":0.25,"score":-1,"turnovers":25,"blocks":18}