{"gameID":"2021-06-19-LA-AUS","teamID":"aviators","completionPercentage":0.89272030651341,"completions":233,"huckPercentage":0.8571428571428571,"redZonePercentage":0.375,"holdPercentage":0.64,"breakPercentage":0.19047619047619047,"score":-1,"turnovers":28,"blocks":6}