{"gameID":"2021-08-21-SJ-LA","teamID":"spiders","completionPercentage":0.9154411764705882,"completions":249,"huckPercentage":1,"redZonePercentage":0.7894736842105263,"holdPercentage":0.6086956521739131,"breakPercentage":0.2727272727272727,"score":-1,"turnovers":23,"blocks":4}