{"gameID":"2021-06-12-DC-RAL","teamID":"flyers","completionPercentage":0.952191235059761,"completions":239,"huckPercentage":0.4,"redZonePercentage":0.9523809523809523,"holdPercentage":0.7307692307692307,"breakPercentage":0.19230769230769232,"score":-1,"turnovers":12,"blocks":6}":11,"blocks":7}