{"gameID":"2021-08-07-TOR-MTL","teamID":"royal","completionPercentage":0.9411764705882353,"completions":288,"huckPercentage":0.5454545454545454,"redZonePercentage":0.9285714285714286,"holdPercentage":0.7222222222222222,"breakPercentage":0.25,"score":-1,"turnovers":18,"blocks":13}