{"gameID":"2021-07-23-LA-SEA","teamID":"cascades","completionPercentage":0.9246575342465754,"completions":270,"huckPercentage":0.36363636363636365,"redZonePercentage":0.8125,"holdPercentage":0.6086956521739131,"breakPercentage":0.11764705882352941,"score":-1,"turnovers":22,"blocks":9}"blocks":13}