{"gameID":"2021-06-04-MIN-MAD","teamID":"windchill","completionPercentage":0.9363867684478372,"completions":368,"huckPercentage":0.45454545454545453,"redZonePercentage":0.6086956521739131,"holdPercentage":0.7368421052631579,"breakPercentage":0.2727272727272727,"score":-1,"turnovers":25,"blocks":19}