{"gameID":"2021-08-21-BOS-PHI","teamID":"phoenix","completionPercentage":0.9162995594713657,"completions":208,"huckPercentage":0.6666666666666666,"redZonePercentage":0.6363636363636364,"holdPercentage":0.7083333333333334,"breakPercentage":0.1,"score":-1,"turnovers":19,"blocks":5}