{"gameID":"2021-07-18-IND-CHI","teamID":"union","completionPercentage":0.9692832764505119,"completions":284,"huckPercentage":0.625,"redZonePercentage":0.8571428571428571,"holdPercentage":0.75,"breakPercentage":0.34615384615384615,"score":-1,"turnovers":9,"blocks":8}s":17,"blocks":4}