{"gameID":"2021-08-01-SEA-LA","teamID":"aviators","completionPercentage":0.8976377952755905,"completions":228,"huckPercentage":0.6363636363636364,"redZonePercentage":0.8421052631578947,"holdPercentage":null,"breakPercentage":null,"score":-1,"turnovers":26,"blocks":17}