{"gameID":"2021-06-20-IND-MAD","teamID":"alleycats","completionPercentage":0.925,"completions":296,"huckPercentage":0.4166666666666667,"redZonePercentage":0.7777777777777778,"holdPercentage":0.48,"breakPercentage":0.3181818181818182,"score":-1,"turnovers":24,"blocks":12}"blocks":12}