{"gameID":"2021-06-12-SEA-SJ","teamID":"cascades","completionPercentage":0.8875502008032129,"completions":221,"huckPercentage":0.5882352941176471,"redZonePercentage":0.6923076923076923,"holdPercentage":0.4090909090909091,"breakPercentage":0.47619047619047616,"score":-1,"turnovers":28,"blocks":16}