{"gameID":"2021-06-05-MAD-DET","teamID":"mechanix","completionPercentage":0.8532423208191127,"completions":250,"huckPercentage":0.3333333333333333,"redZonePercentage":0.5714285714285714,"holdPercentage":0.25,"breakPercentage":0.08333333333333333,"score":-1,"turnovers":43,"blocks":8}}