{"gameID":"2021-06-04-DET-IND","teamID":"alleycats","completionPercentage":0.9230769230769231,"completions":168,"huckPercentage":0.7647058823529411,"redZonePercentage":0.9285714285714286,"holdPercentage":0.8636363636363636,"breakPercentage":0.34375,"score":-1,"turnovers":14,"blocks":12}