{"gameID":"2021-06-04-MIN-MAD","teamID":"radicals","completionPercentage":0.8953488372093024,"completions":231,"huckPercentage":0.5454545454545454,"redZonePercentage":0.6666666666666666,"holdPercentage":0.6666666666666666,"breakPercentage":0.2222222222222222,"score":-1,"turnovers":27,"blocks":11}