{"gameID":"2021-06-25-DAL-LA","teamID":"aviators","completionPercentage":0.9039301310043668,"completions":207,"huckPercentage":0.5,"redZonePercentage":0.6470588235294118,"holdPercentage":0.5217391304347826,"breakPercentage":0.2222222222222222,"score":-1,"turnovers":22,"blocks":7}