{"gameID":"2021-09-10-SD-NY","teamID":"growlers","completionPercentage":0.9377049180327869,"completions":286,"huckPercentage":0.5555555555555556,"redZonePercentage":0.9333333333333333,"holdPercentage":0.5652173913043478,"breakPercentage":0.25,"score":-1,"turnovers":19,"blocks":9}