{"gameID":"2021-06-12-MIN-CHI","teamID":"windchill","completionPercentage":0.9558823529411765,"completions":325,"huckPercentage":0.7142857142857143,"redZonePercentage":0.75,"holdPercentage":0.6,"breakPercentage":0.15789473684210525,"score":-1,"turnovers":15,"blocks":7}