{"gameID":"2021-06-05-IND-CHI","teamID":"union","completionPercentage":0.9566929133858267,"completions":243,"huckPercentage":0.5,"redZonePercentage":0.9047619047619048,"holdPercentage":0.7142857142857143,"breakPercentage":0.45454545454545453,"score":-1,"turnovers":11,"blocks":9}cks":5}