{"gameID":"2021-06-18-BOS-DC","teamID":"glory","completionPercentage":0.9306569343065694,"completions":255,"huckPercentage":0.6,"redZonePercentage":0.7142857142857143,"holdPercentage":0.5882352941176471,"breakPercentage":0,"score":-1,"turnovers":19,"blocks":3}