{"gameID":"2021-08-07-TB-ATL","teamID":"cannons","completionPercentage":0.950530035335689,"completions":269,"huckPercentage":0.8333333333333334,"redZonePercentage":0.8666666666666667,"holdPercentage":0.8571428571428571,"breakPercentage":0.13043478260869565,"score":-1,"turnovers":14,"blocks":9}