{"gameID":"2021-08-13-PIT-BOS","teamID":"thunderbirds","completionPercentage":0.9290322580645162,"completions":288,"huckPercentage":0.3076923076923077,"redZonePercentage":0.7777777777777778,"holdPercentage":0.5714285714285714,"breakPercentage":0.18181818181818182,"score":-1,"turnovers":22,"blocks":9}