{"gameID":"2021-08-13-SEA-SJ","teamID":"cascades","completionPercentage":0.9090909090909091,"completions":250,"huckPercentage":0.5384615384615384,"redZonePercentage":0.9,"holdPercentage":0.5909090909090909,"breakPercentage":0.16666666666666666,"score":-1,"turnovers":25,"blocks":15}