{"gameID":"2021-08-15-OTT-TOR","teamID":"outlaws","completionPercentage":0.8995215311004785,"completions":188,"huckPercentage":0.6842105263157895,"redZonePercentage":1,"holdPercentage":0.64,"breakPercentage":0.22727272727272727,"score":-1,"turnovers":21,"blocks":10}