{"gameID":"2021-09-10-RAL-CHI","teamID":"flyers","completionPercentage":0.9504373177842566,"completions":326,"huckPercentage":0.5,"redZonePercentage":0.7,"holdPercentage":0.782608695652174,"breakPercentage":0.13043478260869565,"score":-1,"turnovers":17,"blocks":9}