{"gameID":"2021-07-10-PHI-BOS","teamID":"phoenix","completionPercentage":0.9382239382239382,"completions":243,"huckPercentage":0.8888888888888888,"redZonePercentage":0.8333333333333334,"holdPercentage":0.6666666666666666,"breakPercentage":0.28,"score":-1,"turnovers":16,"blocks":7}