{"gameID":"2021-06-18-MAD-MIN","teamID":"windchill","completionPercentage":0.9515151515151515,"completions":314,"huckPercentage":0.6,"redZonePercentage":0.8947368421052632,"holdPercentage":0.8095238095238095,"breakPercentage":0.3076923076923077,"score":-1,"turnovers":16,"blocks":13}