{"gameID":"2021-06-19-BOS-RAL","teamID":"glory","completionPercentage":0.9333333333333333,"completions":252,"huckPercentage":0.5454545454545454,"redZonePercentage":0.8235294117647058,"holdPercentage":0.7241379310344828,"breakPercentage":0.125,"score":-1,"turnovers":18,"blocks":8}