{"gameID":"2021-09-10-RAL-CHI","teamID":"union","completionPercentage":0.9397163120567376,"completions":265,"huckPercentage":0.3333333333333333,"redZonePercentage":1,"holdPercentage":0.7391304347826086,"breakPercentage":0.13043478260869565,"score":-1,"turnovers":17,"blocks":12}