{"gameID":"2021-07-17-DET-MIN","teamID":"mechanix","completionPercentage":0.9050632911392406,"completions":286,"huckPercentage":0.4166666666666667,"redZonePercentage":0.5384615384615384,"holdPercentage":0.37037037037037035,"breakPercentage":0.15384615384615385,"score":-1,"turnovers":30,"blocks":6}