{"gameID":"2021-06-18-NY-PIT","teamID":"empire","completionPercentage":0.8872549019607843,"completions":181,"huckPercentage":0.47058823529411764,"redZonePercentage":0.7777777777777778,"holdPercentage":0.7619047619047619,"breakPercentage":0.32,"score":-1,"turnovers":23,"blocks":10}