{"gameID":"2021-08-13-SEA-SJ","teamID":"spiders","completionPercentage":0.9140625,"completions":234,"huckPercentage":0.47058823529411764,"redZonePercentage":0.8333333333333334,"holdPercentage":0.7222222222222222,"breakPercentage":0.3181818181818182,"score":-1,"turnovers":22,"blocks":15}