{"gameID":"2021-07-10-TB-RAL","teamID":"cannons","completionPercentage":0.9014598540145985,"completions":247,"huckPercentage":0.6,"redZonePercentage":0.8181818181818182,"holdPercentage":0.5151515151515151,"breakPercentage":0.09523809523809523,"score":-1,"turnovers":27,"blocks":9}