{"gameID":"2021-08-29-DC-TB","teamID":"breeze","completionPercentage":0.9442379182156134,"completions":254,"huckPercentage":0.6,"redZonePercentage":0.8888888888888888,"holdPercentage":0.9411764705882353,"breakPercentage":0.4,"score":-1,"turnovers":15,"blocks":19}