{"gameID":"2021-07-24-IND-DET","teamID":"mechanix","completionPercentage":0.8661417322834646,"completions":220,"huckPercentage":0.5,"redZonePercentage":0.6153846153846154,"holdPercentage":0.55,"breakPercentage":0.13333333333333333,"score":-1,"turnovers":34,"blocks":16}