{"gameID":"2021-08-29-MIN-CHI","teamID":"windchill","completionPercentage":0.939799331103679,"completions":281,"huckPercentage":0.7142857142857143,"redZonePercentage":0.8125,"holdPercentage":0.6521739130434783,"breakPercentage":0.19047619047619047,"score":-1,"turnovers":18,"blocks":11}