{"gameID":"2021-06-25-TB-BOS","teamID":"glory","completionPercentage":0.9309090909090909,"completions":256,"huckPercentage":0.4166666666666667,"redZonePercentage":0.8333333333333334,"holdPercentage":0.7894736842105263,"breakPercentage":0.36,"score":-1,"turnovers":19,"blocks":18}13}