{"gameID":"2021-08-21-TOR-MTL","teamID":"royal","completionPercentage":0.9282700421940928,"completions":220,"huckPercentage":0.8125,"redZonePercentage":0.9411764705882353,"holdPercentage":0.6666666666666666,"breakPercentage":0.3333333333333333,"score":-1,"turnovers":17,"blocks":13}