{"gameID":"2021-06-25-PHI-RAL","teamID":"flyers","completionPercentage":0.9210526315789473,"completions":210,"huckPercentage":0.46153846153846156,"redZonePercentage":0.7692307692307693,"holdPercentage":0.75,"breakPercentage":0.56,"score":-1,"turnovers":18,"blocks":13}