{"gameID":"2021-09-04-TOR-OTT","teamID":"rush","completionPercentage":0.9348837209302325,"completions":201,"huckPercentage":1,"redZonePercentage":0.7777777777777778,"holdPercentage":0.7083333333333334,"breakPercentage":0.28,"score":-1,"turnovers":14,"blocks":9}