{"gameID":"2021-09-04-TOR-OTT","teamID":"outlaws","completionPercentage":0.9349593495934959,"completions":230,"huckPercentage":0.6666666666666666,"redZonePercentage":0.8,"holdPercentage":0.68,"breakPercentage":0.20833333333333334,"score":-1,"turnovers":16,"blocks":8}