{"gameID":"2021-07-24-BOS-TB","teamID":"glory","completionPercentage":0.9348659003831418,"completions":244,"huckPercentage":0.46153846153846156,"redZonePercentage":0.8,"holdPercentage":0.8,"breakPercentage":0.21428571428571427,"score":-1,"turnovers":17,"blocks":11}:20,"blocks":9}