{"gameID":"2021-09-04-ATL-NY","teamID":"hustle","completionPercentage":0.9534883720930233,"completions":246,"huckPercentage":0.7142857142857143,"redZonePercentage":0.6666666666666666,"holdPercentage":0.6666666666666666,"breakPercentage":0.21739130434782608,"score":-1,"turnovers":12,"blocks":4}