{"gameID":"2021-08-15-OTT-TOR","teamID":"rush","completionPercentage":0.9136363636363637,"completions":201,"huckPercentage":0.8888888888888888,"redZonePercentage":0.8235294117647058,"holdPercentage":0.6818181818181818,"breakPercentage":0.32,"score":-1,"turnovers":19,"blocks":10}