{"gameID":"2021-06-12-DAL-AUS","teamID":"sol","completionPercentage":0.9377593360995851,"completions":226,"huckPercentage":0.7272727272727273,"redZonePercentage":0.7647058823529411,"holdPercentage":0.6,"breakPercentage":0.34615384615384615,"score":-1,"turnovers":15,"blocks":10}