{"gameID":"2021-08-21-SJ-LA","teamID":"aviators","completionPercentage":0.9166666666666666,"completions":242,"huckPercentage":0.4166666666666667,"redZonePercentage":0.65,"holdPercentage":0.6363636363636364,"breakPercentage":0.30434782608695654,"score":-1,"turnovers":22,"blocks":13}