{"gameID":"2021-06-26-TB-NY","teamID":"cannons","completionPercentage":0.9176029962546817,"completions":245,"huckPercentage":0.47058823529411764,"redZonePercentage":0.7058823529411765,"holdPercentage":0.6923076923076923,"breakPercentage":0,"score":-1,"turnovers":22,"blocks":7}