{"gameID":"2021-08-01-SJ-DAL","teamID":"legion","completionPercentage":0.9246575342465754,"completions":270,"huckPercentage":0.5,"redZonePercentage":0.6666666666666666,"holdPercentage":0.4375,"breakPercentage":0.47058823529411764,"score":-1,"turnovers":22,"blocks":12}