{"gameID":"2021-06-05-TB-DC","teamID":"cannons","completionPercentage":0.8439024390243902,"completions":173,"huckPercentage":0.3,"redZonePercentage":0.36363636363636365,"holdPercentage":0.38461538461538464,"breakPercentage":0,"score":-1,"turnovers":32,"blocks":6}