{"gameID":"2022-05-07-BOS-MTL","teamID":"royal","completionPercentage":0.8991596638655462,"completions":214,"huckPercentage":0.7142857142857143,"redZonePercentage":0.6842105263157895,"holdPercentage":null,"breakPercentage":null,"score":-1,"turnovers":24,"blocks":11}