{"gameID":"2022-05-21-ATX-ATL","teamID":"hustle","completionPercentage":0.9568627450980393,"completions":244,"huckPercentage":0.8235294117647058,"redZonePercentage":0.8181818181818182,"holdPercentage":0.8571428571428571,"breakPercentage":0.2962962962962963,"score":-1,"turnovers":11,"blocks":9}