{"gameID":"2022-07-09-TB-CAR","teamID":"flyers","completionPercentage":0.928,"completions":232,"huckPercentage":0.125,"redZonePercentage":0.8333333333333334,"holdPercentage":0.7692307692307693,"breakPercentage":0.45454545454545453,"score":-1,"turnovers":18,"blocks":13},"blocks":10}