{"gameID":"2022-05-07-CHI-MIN","teamID":"union","completionPercentage":0.9239130434782609,"completions":255,"huckPercentage":0.5555555555555556,"redZonePercentage":0.8333333333333334,"holdPercentage":0.7727272727272727,"breakPercentage":0.28,"score":-1,"turnovers":21,"blocks":12}