{"gameID":"2022-06-17-OTT-BOS","teamID":"glory","completionPercentage":0.9104477611940298,"completions":244,"huckPercentage":0.5625,"redZonePercentage":0.6470588235294118,"holdPercentage":0.6842105263157895,"breakPercentage":0.3,"score":-1,"turnovers":24,"blocks":11}