{"gameID":"2022-06-11-POR-SD","teamID":"nitro","completionPercentage":0.9254901960784314,"completions":236,"huckPercentage":0.5384615384615384,"redZonePercentage":0.8823529411764706,"holdPercentage":0.6363636363636364,"breakPercentage":0.2,"score":-1,"turnovers":19,"blocks":11}