{"gameID":"2022-05-14-TB-CAR","teamID":"flyers","completionPercentage":0.9592592592592593,"completions":259,"huckPercentage":0.6666666666666666,"redZonePercentage":0.8947368421052632,"holdPercentage":0.8,"breakPercentage":0.3076923076923077,"score":-1,"turnovers":11,"blocks":9}