{"gameID":"2022-06-03-BOS-DC","teamID":"glory","completionPercentage":0.9322033898305084,"completions":275,"huckPercentage":0.5,"redZonePercentage":0.7142857142857143,"holdPercentage":0.5925925925925926,"breakPercentage":0.18181818181818182,"score":-1,"turnovers":20,"blocks":9}