{"gameID":"2022-06-04-CHI-DET","teamID":"mechanix","completionPercentage":0.9017543859649123,"completions":257,"huckPercentage":0.45454545454545453,"redZonePercentage":0.8666666666666667,"holdPercentage":null,"breakPercentage":null,"score":-1,"turnovers":28,"blocks":11}