{"gameID":"2022-07-16-DAL-ATX","teamID":"legion","completionPercentage":0.9157088122605364,"completions":239,"huckPercentage":0.42857142857142855,"redZonePercentage":0.8,"holdPercentage":0.6296296296296297,"breakPercentage":0.20833333333333334,"score":-1,"turnovers":22,"blocks":11}