{"gameID":"2022-06-17-CAR-ATL","teamID":"flyers","completionPercentage":0.9629629629629629,"completions":338,"huckPercentage":0.7692307692307693,"redZonePercentage":0.8125,"holdPercentage":0.75,"breakPercentage":0.30434782608695654,"score":-1,"turnovers":13,"blocks":11}