{"gameID":"2022-07-23-DC-BOS","teamID":"breeze","completionPercentage":0.9250814332247557,"completions":284,"huckPercentage":0.5,"redZonePercentage":0.6842105263157895,"holdPercentage":0.7391304347826086,"breakPercentage":0.24,"score":-1,"turnovers":23,"blocks":17}11}