{"gameID":"2022-06-17-CAR-ATL","teamID":"hustle","completionPercentage":0.9389312977099237,"completions":246,"huckPercentage":0.9,"redZonePercentage":0.7692307692307693,"holdPercentage":0.6956521739130435,"breakPercentage":0.1,"score":-1,"turnovers":16,"blocks":6}s":11}