{"gameID":"2022-06-04-LA-POR","teamID":"nitro","completionPercentage":0.9241071428571429,"completions":207,"huckPercentage":0.7222222222222222,"redZonePercentage":0.9166666666666666,"holdPercentage":0.6956521739130435,"breakPercentage":0.19047619047619047,"score":-1,"turnovers":17,"blocks":9}