{"gameID":"2022-06-03-MAD-PIT","teamID":"thunderbirds","completionPercentage":0.9546742209631728,"completions":337,"huckPercentage":0.75,"redZonePercentage":0.7333333333333333,"holdPercentage":0.6818181818181818,"breakPercentage":0.19047619047619047,"score":-1,"turnovers":16,"blocks":9}