{"gameID":"2022-07-16-DC-OTT","teamID":"outlaws","completionPercentage":0.9114391143911439,"completions":247,"huckPercentage":0.42857142857142855,"redZonePercentage":0.7857142857142857,"holdPercentage":null,"breakPercentage":null,"score":-1,"turnovers":24,"blocks":7}