{"gameID":"2022-05-21-POR-OAK","teamID":"nitro","completionPercentage":0.928,"completions":232,"huckPercentage":0.7692307692307693,"redZonePercentage":0.7894736842105263,"holdPercentage":0.782608695652174,"breakPercentage":0.2962962962962963,"score":-1,"turnovers":18,"blocks":13}