{"gameID":"2022-08-20-ATX-CAR","teamID":"sol","completionPercentage":0.948339483394834,"completions":257,"huckPercentage":0.7142857142857143,"redZonePercentage":0.7857142857142857,"holdPercentage":null,"breakPercentage":null,"score":-1,"turnovers":14,"blocks":10}