{"gameID":"2022-05-20-TOR-BOS","teamID":"glory","completionPercentage":0.9529914529914529,"completions":223,"huckPercentage":0.7857142857142857,"redZonePercentage":0.8666666666666667,"holdPercentage":0.8,"breakPercentage":0.44,"score":-1,"turnovers":11,"blocks":9}