{"gameID":"2022-05-20-ATX-CAR","teamID":"sol","completionPercentage":0.9379562043795621,"completions":257,"huckPercentage":0.5555555555555556,"redZonePercentage":0.9411764705882353,"holdPercentage":0.6551724137931034,"breakPercentage":0.19230769230769232,"score":-1,"turnovers":17,"blocks":5}