{"gameID":"2022-05-20-ATX-CAR","teamID":"flyers","completionPercentage":0.9444444444444444,"completions":221,"huckPercentage":0.8235294117647058,"redZonePercentage":0.8888888888888888,"holdPercentage":0.7692307692307693,"breakPercentage":0.20689655172413793,"score":-1,"turnovers":13,"blocks":9}