{"gameID":"2022-04-29-SLC-SD","teamID":"growlers","completionPercentage":0.9316239316239316,"completions":218,"huckPercentage":0.6666666666666666,"redZonePercentage":0.6875,"holdPercentage":0.7307692307692307,"breakPercentage":0.13043478260869565,"score":-1,"turnovers":16,"blocks":9}