{"gameID":"2022-07-07-OTT-MTL","teamID":"outlaws","completionPercentage":0.9627118644067797,"completions":284,"huckPercentage":0.7142857142857143,"redZonePercentage":0.8823529411764706,"holdPercentage":0.8181818181818182,"breakPercentage":0.21739130434782608,"score":-1,"turnovers":11,"blocks":6}