{"gameID":"2022-07-24-SD-POR","teamID":"nitro","completionPercentage":0.9133333333333333,"completions":274,"huckPercentage":0.6,"redZonePercentage":0.4666666666666667,"holdPercentage":0.6,"breakPercentage":0.1111111111111111,"score":-1,"turnovers":26,"blocks":7}":11}