{"gameID":"2022-07-29-TB-ATX","teamID":"sol","completionPercentage":0.9198606271777003,"completions":264,"huckPercentage":0.5294117647058824,"redZonePercentage":0.8518518518518519,"holdPercentage":null,"breakPercentage":null,"score":-1,"turnovers":23,"blocks":20}:10}