{"gameID":"2022-06-11-TOR-MTL","teamID":"royal","completionPercentage":0.9205607476635514,"completions":197,"huckPercentage":0.6,"redZonePercentage":0.7391304347826086,"holdPercentage":0.7272727272727273,"breakPercentage":0.19047619047619047,"score":-1,"turnovers":17,"blocks":6}