{"gameID":"2022-07-16-COL-LA","teamID":"aviators","completionPercentage":0.9261992619926199,"completions":251,"huckPercentage":0.75,"redZonePercentage":0.8333333333333334,"holdPercentage":0.6206896551724138,"breakPercentage":0.13636363636363635,"score":-1,"turnovers":20,"blocks":11}