{"gameID":"2022-05-01-PIT-CHI","teamID":"union","completionPercentage":0.8803418803418803,"completions":206,"huckPercentage":0.25,"redZonePercentage":0.6666666666666666,"holdPercentage":0.8,"breakPercentage":0.5238095238095238,"score":-1,"turnovers":28,"blocks":13}