{"gameID":"2022-07-16-CAR-PIT","teamID":"flyers","completionPercentage":0.9742765273311897,"completions":303,"huckPercentage":0.8,"redZonePercentage":0.9333333333333333,"holdPercentage":0.875,"breakPercentage":0.20689655172413793,"score":-1,"turnovers":8,"blocks":10}rs":13,"blocks":5}