{"gameID":"2022-08-13-IND-MIN","teamID":"windchill","completionPercentage":0.9573643410852714,"completions":247,"huckPercentage":0.6666666666666666,"redZonePercentage":0.8125,"holdPercentage":0.6842105263157895,"breakPercentage":0.3181818181818182,"score":-1,"turnovers":11,"blocks":4}