{"gameID":"2022-05-07-COL-SEA","teamID":"summit","completionPercentage":0.9084249084249084,"completions":248,"huckPercentage":0.5,"redZonePercentage":0.7333333333333333,"holdPercentage":0.8235294117647058,"breakPercentage":0.23809523809523808,"score":-1,"turnovers":25,"blocks":13}