{"gameID":"2022-05-21-SEA-SD","teamID":"growlers","completionPercentage":0.9137931034482759,"completions":212,"huckPercentage":1,"redZonePercentage":0.8095238095238095,"holdPercentage":0.7619047619047619,"breakPercentage":0.25,"score":-1,"turnovers":20,"blocks":17}":-1,"turnovers":24,"blocks":16}