{"gameID":"2022-07-30-IND-ATL","teamID":"hustle","completionPercentage":0.9450980392156862,"completions":241,"huckPercentage":0.7333333333333333,"redZonePercentage":0.7647058823529411,"holdPercentage":null,"breakPercentage":null,"score":-1,"turnovers":14,"blocks":12}