{"gameID":"2022-07-16-CHI-MIN","teamID":"union","completionPercentage":0.951310861423221,"completions":254,"huckPercentage":0.8333333333333334,"redZonePercentage":0.8947368421052632,"holdPercentage":0.8148148148148148,"breakPercentage":0.1724137931034483,"score":-1,"turnovers":13,"blocks":5}