{"gameID":"2022-05-07-CAR-TB","teamID":"flyers","completionPercentage":0.9220183486238532,"completions":201,"huckPercentage":0.625,"redZonePercentage":0.8461538461538461,"holdPercentage":0.9333333333333333,"breakPercentage":0.25,"score":-1,"turnovers":17,"blocks":6}