{"gameID":"2022-06-10-DC-NY","teamID":"breeze","completionPercentage":0.9431818181818182,"completions":249,"huckPercentage":0.5714285714285714,"redZonePercentage":0.8947368421052632,"holdPercentage":0.6296296296296297,"breakPercentage":0.17391304347826086,"score":-1,"turnovers":15,"blocks":7}