{"gameID":"2022-06-11-COL-OAK","teamID":"summit","completionPercentage":0.9529914529914529,"completions":223,"huckPercentage":0.6923076923076923,"redZonePercentage":0.8571428571428571,"holdPercentage":0.7692307692307693,"breakPercentage":0.3,"score":-1,"turnovers":11,"blocks":9}s":16,"blocks":4}