{"gameID":"2022-05-14-MTL-DC","teamID":"breeze","completionPercentage":0.9552238805970149,"completions":256,"huckPercentage":0.7692307692307693,"redZonePercentage":0.8947368421052632,"holdPercentage":null,"breakPercentage":null,"score":-1,"turnovers":12,"blocks":12}