{"gameID":"2022-05-21-TOR-NY","teamID":"empire","completionPercentage":0.9621212121212122,"completions":254,"huckPercentage":0.875,"redZonePercentage":0.8235294117647058,"holdPercentage":0.7894736842105263,"breakPercentage":0.5,"score":-1,"turnovers":10,"blocks":17}