{"gameID":"2022-07-02-DC-PHI","teamID":"breeze","completionPercentage":0.9565217391304348,"completions":308,"huckPercentage":0.8571428571428571,"redZonePercentage":0.7894736842105263,"holdPercentage":0.6956521739130435,"breakPercentage":0.2608695652173913,"score":-1,"turnovers":14,"blocks":8}