{"gameID":"2022-07-02-MIN-DET","teamID":"mechanix","completionPercentage":0.891566265060241,"completions":222,"huckPercentage":0.625,"redZonePercentage":0.6153846153846154,"holdPercentage":0.5454545454545454,"breakPercentage":0.047619047619047616,"score":-1,"turnovers":27,"blocks":9}14,"blocks":13}