{"gameID":"2022-08-20-SLC-COL","teamID":"shred","completionPercentage":0.9464882943143813,"completions":283,"huckPercentage":0.5714285714285714,"redZonePercentage":0.9,"holdPercentage":0.6428571428571429,"breakPercentage":0.13636363636363635,"score":-1,"turnovers":16,"blocks":5}