{"gameID":"2022-07-23-CHI-PIT","teamID":"union","completionPercentage":0.9578059071729957,"completions":227,"huckPercentage":0.75,"redZonePercentage":0.8666666666666667,"holdPercentage":0.7894736842105263,"breakPercentage":0.37037037037037035,"score":-1,"turnovers":10,"blocks":6}cks":6}