{"gameID":"2022-08-21-MIN-CHI","teamID":"union","completionPercentage":0.9440993788819876,"completions":304,"huckPercentage":0.36363636363636365,"redZonePercentage":0.8571428571428571,"holdPercentage":0.7647058823529411,"breakPercentage":0.36363636363636365,"score":-1,"turnovers":18,"blocks":15}