{"gameID":"2022-06-03-OAK-SLC","teamID":"spiders","completionPercentage":0.9021739130434783,"completions":249,"huckPercentage":0.42857142857142855,"redZonePercentage":0.8235294117647058,"holdPercentage":0.5483870967741935,"breakPercentage":0.17391304347826086,"score":-1,"turnovers":27,"blocks":7}