{"gameID":"2022-05-20-PHI-MTL","teamID":"royal","completionPercentage":0.859504132231405,"completions":208,"huckPercentage":0.2857142857142857,"redZonePercentage":0.6363636363636364,"holdPercentage":null,"breakPercentage":null,"score":-1,"turnovers":34,"blocks":11}:17}