{"gameID":"2022-07-02-ATX-DAL","teamID":"legion","completionPercentage":0.8721461187214612,"completions":191,"huckPercentage":0.5714285714285714,"redZonePercentage":0.5714285714285714,"holdPercentage":0.5357142857142857,"breakPercentage":0.05555555555555555,"score":-1,"turnovers":28,"blocks":9}