{"gameID":"2022-06-03-CAR-DAL","teamID":"flyers","completionPercentage":0.967741935483871,"completions":270,"huckPercentage":0.7222222222222222,"redZonePercentage":1,"holdPercentage":0.9,"breakPercentage":0.2962962962962963,"score":-1,"turnovers":9,"blocks":11}