{"gameID":"2022-05-07-BOS-MTL","teamID":"glory","completionPercentage":0.8810572687224669,"completions":200,"huckPercentage":0.5,"redZonePercentage":0.6842105263157895,"holdPercentage":0.5652173913043478,"breakPercentage":0.21052631578947367,"score":-1,"turnovers":27,"blocks":15}