{"gameID":"2022-05-28-POR-SEA","teamID":"nitro","completionPercentage":0.8781512605042017,"completions":209,"huckPercentage":0.5625,"redZonePercentage":0.7333333333333333,"holdPercentage":0.4642857142857143,"breakPercentage":0.25,"score":-1,"turnovers":29,"blocks":12}