{"gameID":"2022-05-28-DC-TOR","teamID":"rush","completionPercentage":0.9552845528455285,"completions":235,"huckPercentage":0.8,"redZonePercentage":0.8,"holdPercentage":0.7586206896551724,"breakPercentage":0.14285714285714285,"score":-1,"turnovers":11,"blocks":4}rs":9,"blocks":5}