{"gameID":"2022-05-13-DAL-ATX","teamID":"legion","completionPercentage":0.883177570093458,"completions":189,"huckPercentage":0.5909090909090909,"redZonePercentage":0.6666666666666666,"holdPercentage":0.5,"breakPercentage":0.21052631578947367,"score":-1,"turnovers":25,"blocks":8}