{"gameID":"2022-06-25-SD-COL","teamID":"growlers","completionPercentage":0.9359430604982206,"completions":263,"huckPercentage":0.5714285714285714,"redZonePercentage":0.8571428571428571,"holdPercentage":0.6551724137931034,"breakPercentage":0.08695652173913043,"score":-1,"turnovers":18,"blocks":6}