{"gameID":"2022-06-04-LA-POR","teamID":"aviators","completionPercentage":0.9440559440559441,"completions":270,"huckPercentage":0.5714285714285714,"redZonePercentage":0.8,"holdPercentage":0.6666666666666666,"breakPercentage":0.2608695652173913,"score":-1,"turnovers":16,"blocks":6}