{"gameID":"2022-06-17-SEA-OAK","teamID":"spiders","completionPercentage":0.9107142857142857,"completions":255,"huckPercentage":0.7272727272727273,"redZonePercentage":0.6,"holdPercentage":0.65,"breakPercentage":0.30434782608695654,"score":-1,"turnovers":25,"blocks":10}