{"gameID":"2022-06-25-MAD-MIN","teamID":"windchill","completionPercentage":0.9063444108761329,"completions":300,"huckPercentage":0.4,"redZonePercentage":0.7916666666666666,"holdPercentage":0.6923076923076923,"breakPercentage":0.5217391304347826,"score":-1,"turnovers":31,"blocks":16}":42,"blocks":10}