{"gameID":"2022-05-21-IND-PIT","teamID":"thunderbirds","completionPercentage":0.9427710843373494,"completions":313,"huckPercentage":0.2857142857142857,"redZonePercentage":0.7647058823529411,"holdPercentage":0.6363636363636364,"breakPercentage":0.1111111111111111,"score":-1,"turnovers":19,"blocks":6}