{"gameID":"2022-06-04-CHI-DET","teamID":"mechanix","completionPercentage":0.9017543859649123,"completions":257,"huckPercentage":0.45454545454545453,"redZonePercentage":0.8666666666666667,"holdPercentage":0.6,"breakPercentage":0.09090909090909091,"score":-1,"turnovers":28,"blocks":11}