{"gameID":"2022-07-09-IND-CHI","teamID":"alleycats","completionPercentage":0.896551724137931,"completions":208,"huckPercentage":0.7142857142857143,"redZonePercentage":0.5625,"holdPercentage":0.43478260869565216,"breakPercentage":0.29411764705882354,"score":-1,"turnovers":24,"blocks":7}