{"gameID":"2022-05-28-MIN-MAD","teamID":"windchill","completionPercentage":0.9545454545454546,"completions":315,"huckPercentage":0.375,"redZonePercentage":0.7894736842105263,"holdPercentage":0.6666666666666666,"breakPercentage":0.3333333333333333,"score":-1,"turnovers":15,"blocks":11}8,"blocks":6}