{"gameID":"2022-06-04-IND-MIN","teamID":"alleycats","completionPercentage":0.9102564102564102,"completions":284,"huckPercentage":0.75,"redZonePercentage":0.8888888888888888,"holdPercentage":0.4,"breakPercentage":0.06666666666666667,"score":-1,"turnovers":28,"blocks":5}