{"gameID":"2022-05-06-BOS-OTT","teamID":"glory","completionPercentage":0.8663366336633663,"completions":175,"huckPercentage":0.3888888888888889,"redZonePercentage":0.7142857142857143,"holdPercentage":0.7142857142857143,"breakPercentage":0.19047619047619047,"score":-1,"turnovers":27,"blocks":10}