{"gameID":"2022-07-30-OTT-PHI","teamID":"phoenix","completionPercentage":0.9433962264150944,"completions":250,"huckPercentage":0.6923076923076923,"redZonePercentage":0.9285714285714286,"holdPercentage":0.8571428571428571,"breakPercentage":0.25925925925925924,"score":-1,"turnovers":15,"blocks":8}