{"gameID":"2022-05-07-COL-SEA","teamID":"cascades","completionPercentage":0.8755186721991701,"completions":211,"huckPercentage":0.42105263157894735,"redZonePercentage":0.6666666666666666,"holdPercentage":0.6666666666666666,"breakPercentage":0.11764705882352941,"score":-1,"turnovers":30,"blocks":15}