{"gameID":"2022-04-30-TB-ATL","teamID":"hustle","completionPercentage":0.9663461538461539,"completions":201,"huckPercentage":1,"redZonePercentage":0.8888888888888888,"holdPercentage":0.7142857142857143,"breakPercentage":0.56,"score":-1,"turnovers":7,"blocks":12}