{"gameID":"2022-05-21-PHI-OTT","teamID":"outlaws","completionPercentage":0.9188034188034188,"completions":215,"huckPercentage":0.5,"redZonePercentage":0.8461538461538461,"holdPercentage":0.7083333333333334,"breakPercentage":0.20833333333333334,"score":-1,"turnovers":19,"blocks":12}