{"gameID":"2022-07-29-CHI-MAD","teamID":"radicals","completionPercentage":0.8865979381443299,"completions":172,"huckPercentage":0.6363636363636364,"redZonePercentage":0.6666666666666666,"holdPercentage":0.5454545454545454,"breakPercentage":0.11764705882352941,"score":-1,"turnovers":22,"blocks":13}