{"gameID":"2022-07-15-DC-MTL","teamID":"breeze","completionPercentage":0.9581589958158996,"completions":229,"huckPercentage":0.6923076923076923,"redZonePercentage":0.9473684210526315,"holdPercentage":null,"breakPercentage":null,"score":-1,"turnovers":10,"blocks":12}