{"gameID":"2022-07-09-ATL-ATX","teamID":"hustle","completionPercentage":0.8950617283950617,"completions":145,"huckPercentage":0.6428571428571429,"redZonePercentage":0.6875,"holdPercentage":0.6,"breakPercentage":0.2777777777777778,"score":-1,"turnovers":17,"blocks":11}