{"gameID":"2022-07-29-TB-ATX","teamID":"sol","completionPercentage":0.9198606271777003,"completions":264,"huckPercentage":0.5294117647058824,"redZonePercentage":0.8518518518518519,"holdPercentage":0.6666666666666666,"breakPercentage":0.7096774193548387,"score":-1,"turnovers":23,"blocks":20}s":10}