{"gameID":"2022-07-15-IND-MAD","teamID":"radicals","completionPercentage":0.940677966101695,"completions":222,"huckPercentage":0.5,"redZonePercentage":0.7647058823529411,"holdPercentage":0.5789473684210527,"breakPercentage":0.3157894736842105,"score":-1,"turnovers":14,"blocks":7}:8}