{"gameID":"2022-05-14-MAD-IND","teamID":"alleycats","completionPercentage":0.9458483754512635,"completions":262,"huckPercentage":0.6923076923076923,"redZonePercentage":0.8888888888888888,"holdPercentage":0.6666666666666666,"breakPercentage":0.25,"score":-1,"turnovers":15,"blocks":5}15,"blocks":6}