{"gameID":"2022-05-28-SLC-COL","teamID":"shred","completionPercentage":0.9153846153846154,"completions":238,"huckPercentage":0.4117647058823529,"redZonePercentage":0.7857142857142857,"holdPercentage":null,"breakPercentage":null,"score":-1,"turnovers":22,"blocks":11}