{"gameID":"2022-04-30-PHI-BOS","teamID":"phoenix","completionPercentage":0.9556313993174061,"completions":280,"huckPercentage":0.9166666666666666,"redZonePercentage":0.8666666666666667,"holdPercentage":0.7777777777777778,"breakPercentage":0.125,"score":-1,"turnovers":13,"blocks":10}