{"gameID":"2022-07-15-COL-SD","teamID":"growlers","completionPercentage":0.96,"completions":264,"huckPercentage":0.7272727272727273,"redZonePercentage":0.9230769230769231,"holdPercentage":0.8181818181818182,"breakPercentage":0.20833333333333334,"score":-1,"turnovers":11,"blocks":11}