{"gameID":"2022-07-22-DAL-ATL","teamID":"legion","completionPercentage":0.9309090909090909,"completions":256,"huckPercentage":0.5625,"redZonePercentage":0.7058823529411765,"holdPercentage":0.5862068965517241,"breakPercentage":0.13636363636363635,"score":-1,"turnovers":19,"blocks":6}