{"gameID":"2022-05-14-MIN-DAL","teamID":"legion","completionPercentage":0.8961538461538462,"completions":233,"huckPercentage":0.5882352941176471,"redZonePercentage":0.6,"holdPercentage":0.4090909090909091,"breakPercentage":0.3125,"score":-1,"turnovers":27,"blocks":10}