{"gameID":"2022-06-18-TOR-DC","teamID":"breeze","completionPercentage":0.9355932203389831,"completions":276,"huckPercentage":0.6153846153846154,"redZonePercentage":0.7272727272727273,"holdPercentage":null,"breakPercentage":null,"score":-1,"turnovers":19,"blocks":19}