{"gameID":"2022-05-21-TOR-NY","teamID":"rush","completionPercentage":0.9049429657794676,"completions":238,"huckPercentage":0.5833333333333334,"redZonePercentage":0.7857142857142857,"holdPercentage":0.4375,"breakPercentage":0.15789473684210525,"score":-1,"turnovers":25,"blocks":6}