{"gameID":"2022-05-07-PIT-MAD","teamID":"thunderbirds","completionPercentage":0.9266666666666666,"completions":278,"huckPercentage":0.3,"redZonePercentage":0.6666666666666666,"holdPercentage":0.6,"breakPercentage":0.2222222222222222,"score":-1,"turnovers":22,"blocks":12}