{"gameID":"2022-06-17-SEA-OAK","teamID":"cascades","completionPercentage":0.9273255813953488,"completions":319,"huckPercentage":0.4444444444444444,"redZonePercentage":0.8571428571428571,"holdPercentage":0.6521739130434783,"breakPercentage":0.2,"score":-1,"turnovers":25,"blocks":10}