{"gameID":"2022-05-13-SEA-SLC","teamID":"cascades","completionPercentage":0.9035714285714286,"completions":253,"huckPercentage":0.6,"redZonePercentage":0.6956521739130435,"holdPercentage":0.5588235294117647,"breakPercentage":0.08695652173913043,"score":-1,"turnovers":27,"blocks":8}