{"gameID":"2022-07-31-DET-MIN","teamID":"windchill","completionPercentage":0.9292307692307692,"completions":302,"huckPercentage":0.4444444444444444,"redZonePercentage":0.75,"holdPercentage":0.9090909090909091,"breakPercentage":0.6428571428571429,"score":-1,"turnovers":23,"blocks":17}