{"gameID":"2022-08-26-CHI-COL","teamID":"union","completionPercentage":0.9559748427672956,"completions":304,"huckPercentage":0.7142857142857143,"redZonePercentage":0.8333333333333334,"holdPercentage":0.6875,"breakPercentage":0.38095238095238093,"score":-1,"turnovers":14,"blocks":7}