{"gameID":"2022-07-30-TB-DAL","teamID":"legion","completionPercentage":0.8877005347593583,"completions":166,"huckPercentage":0.631578947368421,"redZonePercentage":0.7857142857142857,"holdPercentage":0.7222222222222222,"breakPercentage":0.4583333333333333,"score":-1,"turnovers":21,"blocks":12}