{"gameID":"2022-05-21-POR-OAK","teamID":"spiders","completionPercentage":0.9215686274509803,"completions":282,"huckPercentage":0.6470588235294118,"redZonePercentage":0.6111111111111112,"holdPercentage":0.6296296296296297,"breakPercentage":0.21739130434782608,"score":-1,"turnovers":24,"blocks":9}