{"gameID":"2022-05-01-PIT-CHI","teamID":"thunderbirds","completionPercentage":0.8381742738589212,"completions":202,"huckPercentage":0.26666666666666666,"redZonePercentage":0.4,"holdPercentage":0.38095238095238093,"breakPercentage":0,"score":-1,"turnovers":39,"blocks":14}