{"gameID":"2022-05-07-SD-OAK","teamID":"growlers","completionPercentage":0.8711111111111111,"completions":196,"huckPercentage":0.2857142857142857,"redZonePercentage":0.8235294117647058,"holdPercentage":0.7777777777777778,"breakPercentage":0.2,"score":-1,"turnovers":29,"blocks":15}