{"gameID":"2022-05-21-MAD-DET","teamID":"radicals","completionPercentage":0.9478260869565217,"completions":218,"huckPercentage":1,"redZonePercentage":0.8666666666666667,"holdPercentage":0.85,"breakPercentage":0.3448275862068966,"score":-1,"turnovers":12,"blocks":14}