{"gameID":"2022-06-04-NY-TOR","teamID":"rush","completionPercentage":0.8852459016393442,"completions":216,"huckPercentage":0.375,"redZonePercentage":0.42857142857142855,"holdPercentage":0.3076923076923077,"breakPercentage":0,"score":-1,"turnovers":28,"blocks":6}s":13}