{"gameID":"2022-07-01-MIN-CHI","teamID":"union","completionPercentage":0.946843853820598,"completions":285,"huckPercentage":0.7272727272727273,"redZonePercentage":0.875,"holdPercentage":0.7692307692307693,"breakPercentage":0.08333333333333333,"score":-1,"turnovers":16,"blocks":7}ers":13,"blocks":9}