{"gameID":"2022-06-10-POR-LA","teamID":"aviators","completionPercentage":0.9283489096573209,"completions":298,"huckPercentage":0.5384615384615384,"redZonePercentage":0.6428571428571429,"holdPercentage":null,"breakPercentage":null,"score":-1,"turnovers":23,"blocks":14}