{"gameID":"2022-06-17-ATX-CHI","teamID":"union","completionPercentage":0.9336283185840708,"completions":211,"huckPercentage":0.7692307692307693,"redZonePercentage":0.7222222222222222,"holdPercentage":null,"breakPercentage":null,"score":-1,"turnovers":15,"blocks":10}