{"gameID":"2022-05-21-MAD-DET","teamID":"mechanix","completionPercentage":0.93646408839779,"completions":339,"huckPercentage":0.5555555555555556,"redZonePercentage":0.8666666666666667,"holdPercentage":0.5517241379310345,"breakPercentage":0.1,"score":-1,"turnovers":23,"blocks":8}