{"gameID":"2022-07-02-TOR-OTT","teamID":"outlaws","completionPercentage":0.8813559322033898,"completions":208,"huckPercentage":0.5384615384615384,"redZonePercentage":0.6428571428571429,"holdPercentage":0.6363636363636364,"breakPercentage":0.22727272727272727,"score":-1,"turnovers":28,"blocks":14}