{"gameID":"2022-06-11-DAL-CAR","teamID":"flyers","completionPercentage":0.9418604651162791,"completions":243,"huckPercentage":0.5714285714285714,"redZonePercentage":0.8888888888888888,"holdPercentage":0.9411764705882353,"breakPercentage":0.28,"score":-1,"turnovers":15,"blocks":11}