{"gameID":"2022-05-07-DET-IND","teamID":"mechanix","completionPercentage":0.9290123456790124,"completions":301,"huckPercentage":0.6666666666666666,"redZonePercentage":0.8333333333333334,"holdPercentage":0.6,"breakPercentage":0.041666666666666664,"score":-1,"turnovers":23,"blocks":4}