{"gameID":"2022-06-04-ATL-TB","teamID":"hustle","completionPercentage":0.868020304568528,"completions":171,"huckPercentage":0.5384615384615384,"redZonePercentage":0.8125,"holdPercentage":0.7222222222222222,"breakPercentage":0.2,"score":-1,"turnovers":26,"blocks":23}