{"gameID":"2022-06-25-OAK-SEA","teamID":"spiders","completionPercentage":0.9307958477508651,"completions":269,"huckPercentage":0.6666666666666666,"redZonePercentage":0.7692307692307693,"holdPercentage":0.7894736842105263,"breakPercentage":0.30434782608695654,"score":-1,"turnovers":20,"blocks":9}3}