{"gameID":"2022-05-07-CHI-MIN","teamID":"windchill","completionPercentage":0.8792270531400966,"completions":182,"huckPercentage":0.6666666666666666,"redZonePercentage":0.7222222222222222,"holdPercentage":0.64,"breakPercentage":0.22727272727272727,"score":-1,"turnovers":25,"blocks":10}