{"gameID":"2022-04-30-ATX-DAL","teamID":"sol","completionPercentage":0.9328358208955224,"completions":250,"huckPercentage":0.5454545454545454,"redZonePercentage":0.9333333333333333,"holdPercentage":0.7368421052631579,"breakPercentage":0.2727272727272727,"score":-1,"turnovers":18,"blocks":12}