{"gameID":"2022-05-28-NY-OTT","teamID":"outlaws","completionPercentage":0.8712871287128713,"completions":176,"huckPercentage":0.4444444444444444,"redZonePercentage":0.5555555555555556,"holdPercentage":null,"breakPercentage":null,"score":-1,"turnovers":26,"blocks":10}