{"gameID":"2022-08-13-SD-SLC","teamID":"growlers","completionPercentage":0.9044368600682594,"completions":265,"huckPercentage":0.38461538461538464,"redZonePercentage":0.5789473684210527,"holdPercentage":null,"breakPercentage":null,"score":-1,"turnovers":28,"blocks":10}