{"gameID":"2022-05-28-IND-DET","teamID":"alleycats","completionPercentage":0.9563636363636364,"completions":263,"huckPercentage":0.6666666666666666,"redZonePercentage":0.7727272727272727,"holdPercentage":0.6666666666666666,"breakPercentage":0.36,"score":-1,"turnovers":12,"blocks":8}