{"gameID":"2022-06-10-COL-SLC","teamID":"shred","completionPercentage":0.9250936329588015,"completions":247,"huckPercentage":0.7142857142857143,"redZonePercentage":0.6,"holdPercentage":0.5555555555555556,"breakPercentage":0.22727272727272727,"score":-1,"turnovers":20,"blocks":7}}