{"gameID":"2022-06-03-OAK-SLC","teamID":"shred","completionPercentage":0.9246861924686193,"completions":221,"huckPercentage":0.5,"redZonePercentage":0.9565217391304348,"holdPercentage":0.8260869565217391,"breakPercentage":0.3548387096774194,"score":-1,"turnovers":18,"blocks":11}