{"gameID":"2022-07-08-SLC-SEA","teamID":"shred","completionPercentage":0.9144981412639405,"completions":246,"huckPercentage":0.6666666666666666,"redZonePercentage":0.782608695652174,"holdPercentage":0.7307692307692307,"breakPercentage":0.2222222222222222,"score":-1,"turnovers":23,"blocks":13}