{"gameID":"2022-07-09-BOS-NY","teamID":"empire","completionPercentage":0.9679715302491103,"completions":272,"huckPercentage":1,"redZonePercentage":0.9047619047619048,"holdPercentage":0.8,"breakPercentage":0.47058823529411764,"score":-1,"turnovers":9,"blocks":14}}