{"gameID":"2022-05-06-BOS-OTT","teamID":"outlaws","completionPercentage":0.9026217228464419,"completions":241,"huckPercentage":0.8,"redZonePercentage":0.7333333333333333,"holdPercentage":0.7142857142857143,"breakPercentage":0.2857142857142857,"score":-1,"turnovers":26,"blocks":12}