{"gameID":"2022-07-02-TOR-OTT","teamID":"rush","completionPercentage":0.8666666666666667,"completions":182,"huckPercentage":0.7,"redZonePercentage":0.4,"holdPercentage":0.6818181818181818,"breakPercentage":0.2727272727272727,"score":-1,"turnovers":28,"blocks":12}