{"gameID":"2022-06-11-TOR-MTL","teamID":"rush","completionPercentage":0.9473684210526315,"completions":270,"huckPercentage":0.8181818181818182,"redZonePercentage":0.7,"holdPercentage":0.7142857142857143,"breakPercentage":0.2727272727272727,"score":-1,"turnovers":15,"blocks":14}