{"gameID":"2022-07-22-NY-PHI","teamID":"empire","completionPercentage":0.9489795918367347,"completions":279,"huckPercentage":0.625,"redZonePercentage":0.8235294117647058,"holdPercentage":0.8095238095238095,"breakPercentage":0.23076923076923078,"score":-1,"turnovers":15,"blocks":11}