{"gameID":"2022-06-04-OAK-COL","teamID":"summit","completionPercentage":0.9105263157894737,"completions":173,"huckPercentage":0.625,"redZonePercentage":0.6190476190476191,"holdPercentage":0.7647058823529411,"breakPercentage":0.375,"score":-1,"turnovers":17,"blocks":14},"turnovers":23,"blocks":8}