{"gameID":"2022-05-14-NY-BOS","teamID":"glory","completionPercentage":0.9154929577464789,"completions":195,"huckPercentage":0.3333333333333333,"redZonePercentage":0.8235294117647058,"holdPercentage":0.64,"breakPercentage":0.14285714285714285,"score":-1,"turnovers":18,"blocks":7}