{"gameID":"2022-05-14-TB-CAR","teamID":"cannons","completionPercentage":0.929368029739777,"completions":250,"huckPercentage":0.5882352941176471,"redZonePercentage":0.75,"holdPercentage":0.5384615384615384,"breakPercentage":0.2,"score":-1,"turnovers":19,"blocks":4}