{"gameID":"2022-07-08-ATL-DAL","teamID":"hustle","completionPercentage":0.9325396825396826,"completions":235,"huckPercentage":0.4444444444444444,"redZonePercentage":0.7142857142857143,"holdPercentage":0.7058823529411765,"breakPercentage":0.2631578947368421,"score":-1,"turnovers":17,"blocks":13}