{"gameID":"2022-04-30-PIT-DET","teamID":"mechanix","completionPercentage":0.8415841584158416,"completions":170,"huckPercentage":0.6,"redZonePercentage":0.8333333333333334,"holdPercentage":0.6111111111111112,"breakPercentage":0.13333333333333333,"score":-1,"turnovers":32,"blocks":10}