{"gameID":"2022-05-21-IND-PIT","teamID":"alleycats","completionPercentage":0.9377593360995851,"completions":226,"huckPercentage":0.5833333333333334,"redZonePercentage":0.8823529411764706,"holdPercentage":0.7777777777777778,"breakPercentage":0.2727272727272727,"score":-1,"turnovers":15,"blocks":10}6}