{"gameID":"2022-07-02-PIT-IND","teamID":"thunderbirds","completionPercentage":0.950530035335689,"completions":269,"huckPercentage":0.8571428571428571,"redZonePercentage":0.8333333333333334,"holdPercentage":0.6333333333333333,"breakPercentage":0.25,"score":-1,"turnovers":14,"blocks":4}