{"gameID":"2022-04-30-NY-DC","teamID":"breeze","completionPercentage":0.9618320610687023,"completions":252,"huckPercentage":1,"redZonePercentage":0.7647058823529411,"holdPercentage":0.6521739130434783,"breakPercentage":0.15,"score":-1,"turnovers":10,"blocks":5}