{"gameID":"2022-05-14-OTT-TOR","teamID":"rush","completionPercentage":0.964,"completions":241,"huckPercentage":0.8888888888888888,"redZonePercentage":0.8666666666666667,"holdPercentage":0.8888888888888888,"breakPercentage":0.16666666666666666,"score":-1,"turnovers":9,"blocks":9}