{"gameID":"2022-07-16-PHI-TOR","teamID":"rush","completionPercentage":0.9262295081967213,"completions":226,"huckPercentage":0.6818181818181818,"redZonePercentage":0.9166666666666666,"holdPercentage":0.7692307692307693,"breakPercentage":0.12,"score":-1,"turnovers":18,"blocks":7}