{"gameID":"2022-05-14-MAD-IND","teamID":"radicals","completionPercentage":0.9498327759197325,"completions":284,"huckPercentage":0.46153846153846156,"redZonePercentage":0.7777777777777778,"holdPercentage":0.6666666666666666,"breakPercentage":0.2916666666666667,"score":-1,"turnovers":15,"blocks":6}