{"gameID":"2022-07-22-LA-SLC","teamID":"aviators","completionPercentage":0.9135338345864662,"completions":243,"huckPercentage":0.45454545454545453,"redZonePercentage":0.7333333333333333,"holdPercentage":0.6190476190476191,"breakPercentage":0.17647058823529413,"score":-1,"turnovers":23,"blocks":8}