{"gameID":"2022-04-29-ATL-CAR","teamID":"hustle","completionPercentage":0.9611307420494699,"completions":272,"huckPercentage":0.7777777777777778,"redZonePercentage":0.75,"holdPercentage":0.6666666666666666,"breakPercentage":0.125,"score":-1,"turnovers":11,"blocks":4}:10,"blocks":7}