{"gameID":"2022-06-11-POR-SD","teamID":"growlers","completionPercentage":0.9409722222222222,"completions":271,"huckPercentage":1,"redZonePercentage":0.8666666666666667,"holdPercentage":0.7,"breakPercentage":0.2727272727272727,"score":-1,"turnovers":17,"blocks":12}