{"gameID":"2022-07-09-ATL-ATX","teamID":"sol","completionPercentage":0.9528023598820059,"completions":323,"huckPercentage":0.7,"redZonePercentage":0.6363636363636364,"holdPercentage":0.6666666666666666,"breakPercentage":0.3,"score":-1,"turnovers":16,"blocks":8}ks":11}