{"gameID":"2022-04-30-PHI-BOS","teamID":"glory","completionPercentage":0.95703125,"completions":245,"huckPercentage":0.75,"redZonePercentage":0.8888888888888888,"holdPercentage":0.8333333333333334,"breakPercentage":0.18518518518518517,"score":-1,"turnovers":11,"blocks":6}