{"gameID":"2022-06-04-IND-MIN","teamID":"windchill","completionPercentage":0.958041958041958,"completions":274,"huckPercentage":0.75,"redZonePercentage":0.7777777777777778,"holdPercentage":0.8,"breakPercentage":0.5517241379310345,"score":-1,"turnovers":12,"blocks":18}}