{"gameID":"2022-07-30-DET-CHI","teamID":"union","completionPercentage":0.9743589743589743,"completions":266,"huckPercentage":0.8181818181818182,"redZonePercentage":0.9333333333333333,"holdPercentage":null,"breakPercentage":null,"score":-1,"turnovers":7,"blocks":12}:3}