{"gameID":"2022-05-28-SLC-COL","teamID":"summit","completionPercentage":0.911504424778761,"completions":206,"huckPercentage":0.5,"redZonePercentage":0.6923076923076923,"holdPercentage":0.6818181818181818,"breakPercentage":0.2727272727272727,"score":-1,"turnovers":20,"blocks":13}:22,"blocks":11}