{"gameID":"2022-05-13-MTL-PHI","teamID":"royal","completionPercentage":0.8977777777777778,"completions":202,"huckPercentage":0.4375,"redZonePercentage":0.8666666666666667,"holdPercentage":0.631578947368421,"breakPercentage":0.3333333333333333,"score":-1,"turnovers":23,"blocks":14}