{"gameID":"2022-05-14-OTT-TOR","teamID":"outlaws","completionPercentage":0.9540229885057471,"completions":249,"huckPercentage":0.625,"redZonePercentage":0.875,"holdPercentage":0.7666666666666667,"breakPercentage":0.1111111111111111,"score":-1,"turnovers":12,"blocks":6}