{"gameID":"2022-05-01-SEA-POR","teamID":"nitro","completionPercentage":0.9271844660194175,"completions":191,"huckPercentage":0.6875,"redZonePercentage":0.9411764705882353,"holdPercentage":0.88,"breakPercentage":0.22580645161290322,"score":-1,"turnovers":15,"blocks":11}3}