{"gameID":"2022-05-07-SD-OAK","teamID":"spiders","completionPercentage":0.8729508196721312,"completions":213,"huckPercentage":0.38461538461538464,"redZonePercentage":0.7692307692307693,"holdPercentage":0.65,"breakPercentage":0.16666666666666666,"score":-1,"turnovers":31,"blocks":11}