{"gameID":"2022-07-08-PHI-DC","teamID":"phoenix","completionPercentage":0.9487179487179487,"completions":296,"huckPercentage":0.7272727272727273,"redZonePercentage":0.8888888888888888,"holdPercentage":0.7037037037037037,"breakPercentage":0.2,"score":-1,"turnovers":16,"blocks":8}