{"gameID":"2022-06-01-MTL-OTT","teamID":"royal","completionPercentage":0.9484126984126984,"completions":239,"huckPercentage":0.5333333333333333,"redZonePercentage":0.8235294117647058,"holdPercentage":0.8,"breakPercentage":0.2692307692307692,"score":-1,"turnovers":13,"blocks":9}