{"gameID":"2022-07-16-PHI-TOR","teamID":"phoenix","completionPercentage":0.9395017793594306,"completions":264,"huckPercentage":0.6190476190476191,"redZonePercentage":0.7647058823529411,"holdPercentage":0.72,"breakPercentage":0.23076923076923078,"score":-1,"turnovers":17,"blocks":8}