{"gameID":"2022-07-23-SD-SEA","teamID":"growlers","completionPercentage":0.9453376205787781,"completions":294,"huckPercentage":0.8,"redZonePercentage":0.875,"holdPercentage":0.7368421052631579,"breakPercentage":0.34782608695652173,"score":-1,"turnovers":17,"blocks":10}"blocks":9}