{"gameID":"2022-07-30-DET-CHI","teamID":"mechanix","completionPercentage":0.9097744360902256,"completions":242,"huckPercentage":0.6428571428571429,"redZonePercentage":0.7692307692307693,"holdPercentage":0.4857142857142857,"breakPercentage":0.05,"score":-1,"turnovers":24,"blocks":3}