{"gameID":"2022-08-27-CHI-NY","teamID":"empire","completionPercentage":0.9689922480620154,"completions":250,"huckPercentage":0.75,"redZonePercentage":0.8333333333333334,"holdPercentage":0.875,"breakPercentage":0.34782608695652173,"score":-1,"turnovers":8,"blocks":9}