{"gameID":"2022-06-18-OTT-NY","teamID":"empire","completionPercentage":0.9381818181818182,"completions":258,"huckPercentage":0.7142857142857143,"redZonePercentage":0.7142857142857143,"holdPercentage":null,"breakPercentage":null,"score":-1,"turnovers":17,"blocks":11}