{"gameID":"2022-06-11-TB-ATL","teamID":"cannons","completionPercentage":0.9169675090252708,"completions":254,"huckPercentage":0.5238095238095238,"redZonePercentage":0.7692307692307693,"holdPercentage":0.52,"breakPercentage":0.25,"score":-1,"turnovers":23,"blocks":3}