{"gameID":"2022-06-04-CAR-ATX","teamID":"sol","completionPercentage":0.9601769911504425,"completions":217,"huckPercentage":0.9166666666666666,"redZonePercentage":1,"holdPercentage":0.8095238095238095,"breakPercentage":0.17391304347826086,"score":-1,"turnovers":9,"blocks":5}