{"gameID":"2022-07-16-CHI-MIN","teamID":"windchill","completionPercentage":0.9437751004016064,"completions":235,"huckPercentage":0.6923076923076923,"redZonePercentage":0.9375,"holdPercentage":0.7241379310344828,"breakPercentage":0.14814814814814814,"score":-1,"turnovers":14,"blocks":7}