{"gameID":"2022-07-23-MIN-IND","teamID":"windchill","completionPercentage":0.9501915708812261,"completions":248,"huckPercentage":0.6428571428571429,"redZonePercentage":0.8888888888888888,"holdPercentage":0.7391304347826086,"breakPercentage":0.2692307692307692,"score":-1,"turnovers":13,"blocks":10}