{"gameID":"2022-05-21-ATX-ATL","teamID":"sol","completionPercentage":0.9415807560137457,"completions":274,"huckPercentage":0.7222222222222222,"redZonePercentage":0.8235294117647058,"holdPercentage":0.7037037037037037,"breakPercentage":0.09523809523809523,"score":-1,"turnovers":17,"blocks":4}9}