{"gameID":"2022-06-10-MAD-CHI","teamID":"union","completionPercentage":0.9387755102040817,"completions":230,"huckPercentage":0.7,"redZonePercentage":0.7777777777777778,"holdPercentage":0.8260869565217391,"breakPercentage":0.125,"score":-1,"turnovers":15,"blocks":10}e":-1,"turnovers":18,"blocks":7}