{"gameID":"2022-07-09-SLC-POR","teamID":"nitro","completionPercentage":0.8932038834951457,"completions":276,"huckPercentage":0.5333333333333333,"redZonePercentage":0.5333333333333333,"holdPercentage":0.4482758620689655,"breakPercentage":0.0625,"score":-1,"turnovers":33,"blocks":11}