{"gameID":"2022-05-28-PIT-TB","teamID":"thunderbirds","completionPercentage":0.9358974358974359,"completions":219,"huckPercentage":0.7142857142857143,"redZonePercentage":0.8571428571428571,"holdPercentage":0.7,"breakPercentage":0.38461538461538464,"score":-1,"turnovers":15,"blocks":9}