{"gameID":"2022-07-07-OTT-MTL","teamID":"royal","completionPercentage":0.9414414414414415,"completions":209,"huckPercentage":0.9,"redZonePercentage":0.6363636363636364,"holdPercentage":0.7083333333333334,"breakPercentage":0.13636363636363635,"score":-1,"turnovers":13,"blocks":6}