{"gameID":"2022-07-22-LA-SLC","teamID":"shred","completionPercentage":0.92578125,"completions":237,"huckPercentage":0.8181818181818182,"redZonePercentage":0.6,"holdPercentage":0.8235294117647058,"breakPercentage":0.23809523809523808,"score":-1,"turnovers":19,"blocks":11}"turnovers":23,"blocks":8}