{"gameID":"2022-07-30-POR-COL","teamID":"nitro","completionPercentage":0.9166666666666666,"completions":264,"huckPercentage":0.5555555555555556,"redZonePercentage":0.6666666666666666,"holdPercentage":0.4857142857142857,"breakPercentage":0.05,"score":-1,"turnovers":24,"blocks":4}