{"gameID":"2022-07-08-ATL-DAL","teamID":"legion","completionPercentage":0.9259259259259259,"completions":275,"huckPercentage":0.5714285714285714,"redZonePercentage":0.7272727272727273,"holdPercentage":null,"breakPercentage":null,"score":-1,"turnovers":22,"blocks":10}