{"gameID":"2022-06-04-BOS-PHI","teamID":"glory","completionPercentage":0.922509225092251,"completions":250,"huckPercentage":0.5,"redZonePercentage":0.8333333333333334,"holdPercentage":0.68,"breakPercentage":0.20833333333333334,"score":-1,"turnovers":21,"blocks":9}