{"gameID":"2022-07-02-ATX-DAL","teamID":"sol","completionPercentage":0.9388489208633094,"completions":261,"huckPercentage":0.6923076923076923,"redZonePercentage":0.9047619047619048,"holdPercentage":null,"breakPercentage":null,"score":-1,"turnovers":17,"blocks":11}9}