{"gameID":"2022-04-29-SLC-SD","teamID":"shred","completionPercentage":0.9477351916376306,"completions":272,"huckPercentage":0.7,"redZonePercentage":0.7647058823529411,"holdPercentage":0.782608695652174,"breakPercentage":0.23076923076923078,"score":-1,"turnovers":15,"blocks":10}