{"gameID":"2022-07-16-MAD-DET","teamID":"mechanix","completionPercentage":0.9256505576208178,"completions":249,"huckPercentage":0.5,"redZonePercentage":0.8571428571428571,"holdPercentage":0.48148148148148145,"breakPercentage":0.2631578947368421,"score":-1,"turnovers":20,"blocks":2}