{"gameID":"2022-06-03-CAR-DAL","teamID":"legion","completionPercentage":0.9294117647058824,"completions":237,"huckPercentage":0.7,"redZonePercentage":0.8571428571428571,"holdPercentage":0.6666666666666666,"breakPercentage":0,"score":-1,"turnovers":18,"blocks":5}