{"gameID":"2022-08-21-MIN-CHI","teamID":"windchill","completionPercentage":0.9065040650406504,"completions":223,"huckPercentage":0.47058823529411764,"redZonePercentage":0.6666666666666666,"holdPercentage":0.5909090909090909,"breakPercentage":0.17647058823529413,"score":-1,"turnovers":23,"blocks":8}