{"gameID":"2022-07-02-MTL-BOS","teamID":"glory","completionPercentage":0.9264705882352942,"completions":252,"huckPercentage":0.4666666666666667,"redZonePercentage":0.8095238095238095,"holdPercentage":0.6666666666666666,"breakPercentage":0.44,"score":-1,"turnovers":20,"blocks":12}