{"gameID":"2022-05-07-PHI-NY","teamID":"empire","completionPercentage":0.914396887159533,"completions":235,"huckPercentage":0.45454545454545453,"redZonePercentage":0.8,"holdPercentage":0.8235294117647058,"breakPercentage":0.16666666666666666,"score":-1,"turnovers":22,"blocks":14}