{"gameID":"2022-07-09-BOS-NY","teamID":"glory","completionPercentage":0.8956521739130435,"completions":206,"huckPercentage":0.6,"redZonePercentage":0.6428571428571429,"holdPercentage":0.4411764705882353,"breakPercentage":0.15,"score":-1,"turnovers":24,"blocks":5}