{"gameID":"2022-04-30-MTL-TOR","teamID":"rush","completionPercentage":0.9205020920502092,"completions":220,"huckPercentage":0.6,"redZonePercentage":0.6923076923076923,"holdPercentage":0.5714285714285714,"breakPercentage":0.09523809523809523,"score":-1,"turnovers":19,"blocks":10}