{"gameID":"2022-07-29-POR-SLC","teamID":"nitro","completionPercentage":0.8774193548387097,"completions":272,"huckPercentage":0.5263157894736842,"redZonePercentage":0.8571428571428571,"holdPercentage":0.47058823529411764,"breakPercentage":0,"score":-1,"turnovers":38,"blocks":5}s":22,"blocks":18}