{"gameID":"2022-07-16-DAL-ATX","teamID":"sol","completionPercentage":0.9405940594059405,"completions":285,"huckPercentage":0.5833333333333334,"redZonePercentage":0.8181818181818182,"holdPercentage":0.75,"breakPercentage":0.2962962962962963,"score":-1,"turnovers":18,"blocks":12}:11}