{"gameID":"2022-07-16-SLC-OAK","teamID":"spiders","completionPercentage":0.9201183431952663,"completions":311,"huckPercentage":0.6666666666666666,"redZonePercentage":0.7692307692307693,"holdPercentage":0.5833333333333334,"breakPercentage":0.23809523809523808,"score":-1,"turnovers":27,"blocks":16}