{"gameID":"2022-06-04-CAR-ATX","teamID":"flyers","completionPercentage":0.9642857142857143,"completions":270,"huckPercentage":0.75,"redZonePercentage":0.8571428571428571,"holdPercentage":0.7391304347826086,"breakPercentage":0.14285714285714285,"score":-1,"turnovers":10,"blocks":6}