{"gameID":"2022-07-29-POR-SLC","teamID":"shred","completionPercentage":0.9281045751633987,"completions":284,"huckPercentage":0.7058823529411765,"redZonePercentage":0.6333333333333333,"holdPercentage":null,"breakPercentage":null,"score":-1,"turnovers":22,"blocks":18}