{"gameID":"2022-04-30-MTL-TOR","teamID":"royal","completionPercentage":0.944206008583691,"completions":220,"huckPercentage":0.75,"redZonePercentage":0.8666666666666667,"holdPercentage":0.7619047619047619,"breakPercentage":0.35714285714285715,"score":-1,"turnovers":13,"blocks":14}