{"gameID":"2022-07-02-LA-COL","teamID":"summit","completionPercentage":0.9610894941634242,"completions":247,"huckPercentage":0.6428571428571429,"redZonePercentage":0.7777777777777778,"holdPercentage":null,"breakPercentage":null,"score":-1,"turnovers":10,"blocks":9}4}