{"gameID":"2022-04-30-TB-ATL","teamID":"cannons","completionPercentage":0.9298245614035088,"completions":265,"huckPercentage":0.4,"redZonePercentage":0.6666666666666666,"holdPercentage":0.4,"breakPercentage":0.14285714285714285,"score":-1,"turnovers":20,"blocks":3}