{"gameID":"2022-06-11-PIT-MIN","teamID":"windchill","completionPercentage":0.9239130434782609,"completions":255,"huckPercentage":0.5555555555555556,"redZonePercentage":0.6956521739130435,"holdPercentage":0.625,"breakPercentage":0.45454545454545453,"score":-1,"turnovers":21,"blocks":12}