{"gameID":"2022-08-26-CAR-NY","teamID":"empire","completionPercentage":0.959409594095941,"completions":260,"huckPercentage":0.5,"redZonePercentage":0.85,"holdPercentage":0.8333333333333334,"breakPercentage":0.30434782608695654,"score":-1,"turnovers":11,"blocks":8}