{"gameID":"2022-07-08-SLC-SEA","teamID":"cascades","completionPercentage":0.9103448275862069,"completions":264,"huckPercentage":0.5,"redZonePercentage":0.9166666666666666,"holdPercentage":0.6666666666666666,"breakPercentage":0.23076923076923078,"score":-1,"turnovers":26,"blocks":15}