{"gameID":"2022-08-20-DC-NY","teamID":"empire","completionPercentage":0.9571428571428572,"completions":268,"huckPercentage":0.5,"redZonePercentage":0.7647058823529411,"holdPercentage":0.7894736842105263,"breakPercentage":0.2,"score":-1,"turnovers":12,"blocks":6}:9}