{"gameID":"2022-11-12-allstar-game","teamID":"allstars1","completionPercentage":0.9198473282442748,"completions":241,"huckPercentage":0.6666666666666666,"redZonePercentage":0.8823529411764706,"holdPercentage":0.7391304347826086,"breakPercentage":0.4117647058823529,"score":-1,"turnovers":21,"blocks":18}