{"gameID":"2022-05-07-PHI-NY","teamID":"phoenix","completionPercentage":0.9166666666666666,"completions":253,"huckPercentage":0.45454545454545453,"redZonePercentage":0.7,"holdPercentage":0.7222222222222222,"breakPercentage":0.11764705882352941,"score":-1,"turnovers":23,"blocks":11}