{"gameID":"2022-05-21-SEA-SD","teamID":"cascades","completionPercentage":0.9008264462809917,"completions":218,"huckPercentage":0.9285714285714286,"redZonePercentage":0.7142857142857143,"holdPercentage":0.7083333333333334,"breakPercentage":0.14285714285714285,"score":-1,"turnovers":24,"blocks":16}