{"gameID":"2022-07-02-PIT-IND","teamID":"alleycats","completionPercentage":0.958904109589041,"completions":280,"huckPercentage":0.8,"redZonePercentage":0.8461538461538461,"holdPercentage":0.7142857142857143,"breakPercentage":0.26666666666666666,"score":-1,"turnovers":12,"blocks":7}