{"gameID":"2022-08-20-ATX-CAR","teamID":"sol","completionPercentage":0.948339483394834,"completions":257,"huckPercentage":0.7142857142857143,"redZonePercentage":0.7857142857142857,"holdPercentage":0.7083333333333334,"breakPercentage":0.13636363636363635,"score":-1,"turnovers":14,"blocks":10}