{"gameID":"2022-07-16-DC-OTT","teamID":"breeze","completionPercentage":0.937037037037037,"completions":253,"huckPercentage":0.5,"redZonePercentage":0.8333333333333334,"holdPercentage":0.8421052631578947,"breakPercentage":0.3076923076923077,"score":-1,"turnovers":17,"blocks":14}rs":24,"blocks":7}