{"gameID":"2022-05-08-COL-POR","teamID":"nitro","completionPercentage":0.9137254901960784,"completions":233,"huckPercentage":0.7142857142857143,"redZonePercentage":0.6363636363636364,"holdPercentage":0.76,"breakPercentage":0.16,"score":-1,"turnovers":22,"blocks":10}