{"gameID":"2022-05-13-SEA-SLC","teamID":"shred","completionPercentage":0.9602272727272727,"completions":338,"huckPercentage":0.75,"redZonePercentage":0.88,"holdPercentage":0.8695652173913043,"breakPercentage":0.35294117647058826,"score":-1,"turnovers":14,"blocks":12}