{"gameID":"2022-08-26-CAR-NY","teamID":"flyers","completionPercentage":0.9285714285714286,"completions":221,"huckPercentage":0.625,"redZonePercentage":0.5833333333333334,"holdPercentage":0.6521739130434783,"breakPercentage":0.05555555555555555,"score":-1,"turnovers":17,"blocks":6}