{"gameID":"2022-08-20-ATX-CAR","teamID":"flyers","completionPercentage":0.9538461538461539,"completions":248,"huckPercentage":0.6,"redZonePercentage":0.8421052631578947,"holdPercentage":0.7727272727272727,"breakPercentage":0.20833333333333334,"score":-1,"turnovers":12,"blocks":6}