{"gameID":"2022-05-13-MTL-PHI","teamID":"phoenix","completionPercentage":0.9228187919463087,"completions":275,"huckPercentage":0.6,"redZonePercentage":0.6875,"holdPercentage":0.6111111111111112,"breakPercentage":0.3157894736842105,"score":-1,"turnovers":23,"blocks":14}"blocks":14}