{"gameID":"2022-07-22-NY-PHI","teamID":"phoenix","completionPercentage":0.9070796460176991,"completions":205,"huckPercentage":0.5789473684210527,"redZonePercentage":0.75,"holdPercentage":0.6538461538461539,"breakPercentage":0.09523809523809523,"score":-1,"turnovers":21,"blocks":10}