{"gameID":"2022-05-21-PHI-OTT","teamID":"phoenix","completionPercentage":0.92,"completions":230,"huckPercentage":0.7307692307692307,"redZonePercentage":0.6666666666666666,"holdPercentage":0.7083333333333334,"breakPercentage":0.25,"score":-1,"turnovers":20,"blocks":11}