{"gameID":"2022-06-25-MAD-MIN","teamID":"radicals","completionPercentage":0.8189655172413793,"completions":190,"huckPercentage":0.36363636363636365,"redZonePercentage":0.3888888888888889,"holdPercentage":null,"breakPercentage":null,"score":-1,"turnovers":42,"blocks":10}