{"gameID":"2022-07-01-MTL-NY","teamID":"empire","completionPercentage":0.9498069498069498,"completions":246,"huckPercentage":0.5454545454545454,"redZonePercentage":1,"holdPercentage":0.8125,"breakPercentage":0.5161290322580645,"score":-1,"turnovers":13,"blocks":13}6,"blocks":5}