{"gameID":"2022-06-03-MAD-PIT","teamID":"radicals","completionPercentage":0.9363295880149812,"completions":250,"huckPercentage":0.45454545454545453,"redZonePercentage":0.8125,"holdPercentage":0.6666666666666666,"breakPercentage":0.2727272727272727,"score":-1,"turnovers":17,"blocks":12}