{"gameID":"2022-06-17-ATX-CHI","teamID":"sol","completionPercentage":0.9316546762589928,"completions":259,"huckPercentage":0.631578947368421,"redZonePercentage":0.7777777777777778,"holdPercentage":0.6153846153846154,"breakPercentage":0.21739130434782608,"score":-1,"turnovers":19,"blocks":9}