{"gameID":"2022-06-26-OAK-POR","teamID":"nitro","completionPercentage":0.8875502008032129,"completions":221,"huckPercentage":1,"redZonePercentage":0.75,"holdPercentage":0.5135135135135135,"breakPercentage":0.08695652173913043,"score":-1,"turnovers":28,"blocks":8}":12,"blocks":13}