{"gameID":"2022-07-29-OAK-LA","teamID":"aviators","completionPercentage":0.9452054794520548,"completions":276,"huckPercentage":0.5,"redZonePercentage":0.9583333333333334,"holdPercentage":0.6923076923076923,"breakPercentage":0.25925925925925924,"score":-1,"turnovers":16,"blocks":3}