{"gameID":"2022-04-30-SLC-LA","teamID":"shred","completionPercentage":0.9508196721311475,"completions":348,"huckPercentage":0.7142857142857143,"redZonePercentage":0.7083333333333334,"holdPercentage":0.75,"breakPercentage":0.28,"score":-1,"turnovers":18,"blocks":9}