{"gameID":"2022-06-18-ATX-MAD","teamID":"sol","completionPercentage":0.946031746031746,"completions":298,"huckPercentage":0.5555555555555556,"redZonePercentage":0.7894736842105263,"holdPercentage":0.7,"breakPercentage":0.25,"score":-1,"turnovers":17,"blocks":7}