{"gameID":"2022-04-29-ATL-CAR","teamID":"flyers","completionPercentage":0.9547511312217195,"completions":211,"huckPercentage":0.5454545454545454,"redZonePercentage":0.9230769230769231,"holdPercentage":0.6875,"breakPercentage":0.2222222222222222,"score":-1,"turnovers":10,"blocks":7}