{"gameID":"2022-05-27-NY-MTL","teamID":"royal","completionPercentage":0.8952879581151832,"completions":171,"huckPercentage":0.46153846153846156,"redZonePercentage":0.8333333333333334,"holdPercentage":0.5833333333333334,"breakPercentage":0.2,"score":-1,"turnovers":20,"blocks":8}