{"gameID":"2022-07-29-OTT-DC","teamID":"breeze","completionPercentage":0.961038961038961,"completions":296,"huckPercentage":0.625,"redZonePercentage":0.8571428571428571,"holdPercentage":0.8421052631578947,"breakPercentage":0.3076923076923077,"score":-1,"turnovers":12,"blocks":11}}