{"gameID":"2022-06-11-PIT-MIN","teamID":"thunderbirds","completionPercentage":0.9112627986348123,"completions":267,"huckPercentage":0.45454545454545453,"redZonePercentage":0.5,"holdPercentage":0.45454545454545453,"breakPercentage":0.25,"score":-1,"turnovers":26,"blocks":8}