{"gameID":"2022-05-14-NY-BOS","teamID":"empire","completionPercentage":0.9568106312292359,"completions":288,"huckPercentage":0.6,"redZonePercentage":0.8260869565217391,"holdPercentage":0.8095238095238095,"breakPercentage":0.24,"score":-1,"turnovers":13,"blocks":10}18,"blocks":7}