{"gameID":"2022-08-20-DC-NY","teamID":"breeze","completionPercentage":0.9514925373134329,"completions":255,"huckPercentage":0.75,"redZonePercentage":0.9166666666666666,"holdPercentage":0.75,"breakPercentage":0.15789473684210525,"score":-1,"turnovers":13,"blocks":9}