{"gameID":"2022-06-03-BOS-DC","teamID":"breeze","completionPercentage":0.9444444444444444,"completions":255,"huckPercentage":0.5,"redZonePercentage":1,"holdPercentage":0.7272727272727273,"breakPercentage":0.3333333333333333,"score":-1,"turnovers":15,"blocks":7}s":20,"blocks":9}