{"gameID":"2022-07-02-ATL-CAR","teamID":"flyers","completionPercentage":0.9484240687679083,"completions":331,"huckPercentage":0.5,"redZonePercentage":0.6875,"holdPercentage":0.8333333333333334,"breakPercentage":0.15789473684210525,"score":-1,"turnovers":18,"blocks":9}"turnovers":19,"blocks":10}