{"gameID":"2022-04-30-ATX-DAL","teamID":"legion","completionPercentage":0.9014084507042254,"completions":192,"huckPercentage":0.4666666666666667,"redZonePercentage":0.8,"holdPercentage":0.6818181818181818,"breakPercentage":0.10526315789473684,"score":-1,"turnovers":21,"blocks":10}blocks":12}