{"gameID":"2022-06-17-OTT-BOS","teamID":"outlaws","completionPercentage":0.9083969465648855,"completions":238,"huckPercentage":0.5,"redZonePercentage":0.8666666666666667,"holdPercentage":0.7,"breakPercentage":0.21052631578947367,"score":-1,"turnovers":24,"blocks":14}