{"gameID":"2022-05-07-DET-IND","teamID":"alleycats","completionPercentage":0.956140350877193,"completions":218,"huckPercentage":0.9,"redZonePercentage":1,"holdPercentage":0.9166666666666666,"breakPercentage":0.3142857142857143,"score":-1,"turnovers":10,"blocks":17}