{"gameID":"2022-08-20-SLC-COL","teamID":"summit","completionPercentage":0.9558232931726908,"completions":238,"huckPercentage":0.7058823529411765,"redZonePercentage":0.8888888888888888,"holdPercentage":0.7727272727272727,"breakPercentage":0.32142857142857145,"score":-1,"turnovers":11,"blocks":6}