{"gameID":"2022-08-13-SD-SLC","teamID":"shred","completionPercentage":0.8922413793103449,"completions":207,"huckPercentage":0.6153846153846154,"redZonePercentage":0.8,"holdPercentage":0.5555555555555556,"breakPercentage":0.42857142857142855,"score":-1,"turnovers":25,"blocks":17}