{"gameID":"2022-07-23-DAL-TB","teamID":"legion","completionPercentage":0.8820224719101124,"completions":157,"huckPercentage":0.7857142857142857,"redZonePercentage":0.7272727272727273,"holdPercentage":0.5555555555555556,"breakPercentage":0.29411764705882354,"score":-1,"turnovers":21,"blocks":10}