{"gameID":"2022-07-09-DET-PIT","teamID":"thunderbirds","completionPercentage":0.9432624113475178,"completions":266,"huckPercentage":0.6428571428571429,"redZonePercentage":0.75,"holdPercentage":0.6190476190476191,"breakPercentage":0.375,"score":-1,"turnovers":16,"blocks":9}rnovers":18,"blocks":6}