{"gameID":"2022-07-02-LA-COL","teamID":"aviators","completionPercentage":0.9300699300699301,"completions":266,"huckPercentage":0.6363636363636364,"redZonePercentage":0.5882352941176471,"holdPercentage":0.48,"breakPercentage":0.1875,"score":-1,"turnovers":20,"blocks":4}