{"gameID":"2022-07-16-COL-LA","teamID":"summit","completionPercentage":0.9498207885304659,"completions":265,"huckPercentage":0.6875,"redZonePercentage":0.9,"holdPercentage":0.8636363636363636,"breakPercentage":0.27586206896551724,"score":-1,"turnovers":14,"blocks":11}