{"gameID":"2022-07-22-DAL-ATL","teamID":"hustle","completionPercentage":0.9622641509433962,"completions":255,"huckPercentage":0.9166666666666666,"redZonePercentage":0.7777777777777778,"holdPercentage":0.8181818181818182,"breakPercentage":0.3103448275862069,"score":-1,"turnovers":10,"blocks":14}