{"gameID":"2022-05-14-LA-SD","teamID":"growlers","completionPercentage":0.9203187250996016,"completions":231,"huckPercentage":0.6666666666666666,"redZonePercentage":0.7272727272727273,"holdPercentage":null,"breakPercentage":null,"score":-1,"turnovers":20,"blocks":15}