{"gameID":"2022-05-20-PHI-MTL","teamID":"phoenix","completionPercentage":0.8863636363636364,"completions":234,"huckPercentage":0.47368421052631576,"redZonePercentage":0.5789473684210527,"holdPercentage":0.8,"breakPercentage":0.3888888888888889,"score":-1,"turnovers":30,"blocks":17}