{"gameID":"2022-06-10-POR-LA","teamID":"nitro","completionPercentage":0.8973214285714286,"completions":201,"huckPercentage":0.1111111111111111,"redZonePercentage":0.75,"holdPercentage":0.6842105263157895,"breakPercentage":0.16666666666666666,"score":-1,"turnovers":23,"blocks":13}:23,"blocks":14}