{"gameID":"2022-05-07-PIT-MAD","teamID":"radicals","completionPercentage":0.9122807017543859,"completions":208,"huckPercentage":0.47058823529411764,"redZonePercentage":0.7692307692307693,"holdPercentage":0.6666666666666666,"breakPercentage":0.3,"score":-1,"turnovers":20,"blocks":14}