{"gameID":"2022-05-13-DAL-ATX","teamID":"sol","completionPercentage":0.9326241134751773,"completions":263,"huckPercentage":0.45454545454545453,"redZonePercentage":0.8888888888888888,"holdPercentage":null,"breakPercentage":null,"score":-1,"turnovers":19,"blocks":14}