{"gameID":"2022-07-16-ATL-TB","teamID":"hustle","completionPercentage":0.9557522123893806,"completions":216,"huckPercentage":0.8571428571428571,"redZonePercentage":0.9444444444444444,"holdPercentage":0.8333333333333334,"breakPercentage":0.39285714285714285,"score":-1,"turnovers":10,"blocks":7}}