{"gameID":"2022-06-04-CHI-DET","teamID":"union","completionPercentage":0.9154929577464789,"completions":195,"huckPercentage":0.8181818181818182,"redZonePercentage":0.8,"holdPercentage":0.9090909090909091,"breakPercentage":0.26666666666666666,"score":-1,"turnovers":18,"blocks":16}