{"gameID":"2022-06-04-ATL-TB","teamID":"cannons","completionPercentage":0.888030888030888,"completions":230,"huckPercentage":0.6666666666666666,"redZonePercentage":0.7777777777777778,"holdPercentage":0.65,"breakPercentage":0.16666666666666666,"score":-1,"turnovers":29,"blocks":10}