{"gameID":"2022-04-30-PIT-DET","teamID":"thunderbirds","completionPercentage":0.8360655737704918,"completions":153,"huckPercentage":0.36363636363636365,"redZonePercentage":0.6428571428571429,"holdPercentage":0.8,"breakPercentage":0.2777777777777778,"score":-1,"turnovers":30,"blocks":13}