{"gameID":"2022-05-14-MIN-DAL","teamID":"windchill","completionPercentage":0.9095022624434389,"completions":201,"huckPercentage":0.35714285714285715,"redZonePercentage":0.6875,"holdPercentage":0.625,"breakPercentage":0.45454545454545453,"score":-1,"turnovers":20,"blocks":15}