{"gameID":"2022-07-10-MIN-MAD","teamID":"radicals","completionPercentage":0.9402390438247012,"completions":236,"huckPercentage":0.6,"redZonePercentage":0.7222222222222222,"holdPercentage":0.8,"breakPercentage":0.22727272727272727,"score":-1,"turnovers":15,"blocks":10}