{"gameID":"2022-07-16-SLC-OAK","teamID":"shred","completionPercentage":0.9090909090909091,"completions":240,"huckPercentage":0.5,"redZonePercentage":0.875,"holdPercentage":0.7142857142857143,"breakPercentage":0.2916666666666667,"score":-1,"turnovers":24,"blocks":13}